txId,feature_rank,feature,feature_value,shap_value,direction
2256959,1,feature_52,-0.488345208417628,1.171127200126648,INCREASES_FRAUD_RISK
2256959,2,feature_162,-0.1405970785066562,0.7840295433998108,INCREASES_FRAUD_RISK
2256959,3,feature_2,1.018601901343969,0.5194666385650635,INCREASES_FRAUD_RISK
2256959,4,feature_58,-0.1728943931291784,0.2348354309797287,INCREASES_FRAUD_RISK
2256959,5,feature_22,-0.1489119237962705,0.22079892456531525,INCREASES_FRAUD_RISK
2376671,1,feature_89,-0.6942351992761703,1.722830057144165,INCREASES_FRAUD_RISK
2376671,2,feature_52,-0.4883214611652894,1.5944833755493164,INCREASES_FRAUD_RISK
2376671,3,feature_131,-0.1887158089232799,0.8934088349342346,INCREASES_FRAUD_RISK
2376671,4,feature_75,-0.0949545597645546,0.8419681191444397,INCREASES_FRAUD_RISK
2376671,5,feature_54,-0.4675325287240186,0.48928800225257874,INCREASES_FRAUD_RISK
39146480,1,feature_52,-0.4825966893518156,1.0425536632537842,INCREASES_FRAUD_RISK
39146480,2,feature_89,-0.6942351992761703,1.0120738744735718,INCREASES_FRAUD_RISK
39146480,3,feature_131,-0.1887158089232799,0.5175925493240356,INCREASES_FRAUD_RISK
39146480,4,feature_2,1.5735945770991024,0.3757299780845642,INCREASES_FRAUD_RISK
39146480,5,feature_160,-0.106714613806669,0.343057245016098,INCREASES_FRAUD_RISK
40441436,1,feature_89,-0.6942351992761703,1.59724760055542,INCREASES_FRAUD_RISK
40441436,2,feature_52,-0.4883214611652894,1.5775188207626343,INCREASES_FRAUD_RISK
40441436,3,feature_131,-0.1887158089232799,0.6943520307540894,INCREASES_FRAUD_RISK
40441436,4,feature_75,-0.0951039362673167,0.6390687227249146,INCREASES_FRAUD_RISK
40441436,5,feature_126,-0.1071278044464237,0.592129111289978,INCREASES_FRAUD_RISK
40441445,1,feature_52,-0.4883214611652894,1.41316556930542,INCREASES_FRAUD_RISK
40441445,2,feature_162,-0.1405970785066562,0.8527076244354248,INCREASES_FRAUD_RISK
40441445,3,feature_2,1.018601901343969,0.5963293313980103,INCREASES_FRAUD_RISK
40441445,4,feature_54,-0.4675325287240186,0.4298146963119507,INCREASES_FRAUD_RISK
40441445,5,feature_79,-1.4717644946197317,0.42229703068733215,INCREASES_FRAUD_RISK
41261572,1,feature_52,-0.4883214611652894,1.9254189729690552,INCREASES_FRAUD_RISK
41261572,2,feature_89,-0.6942351992761703,1.4185001850128174,INCREASES_FRAUD_RISK
41261572,3,feature_131,-0.1887158089232799,0.6444127559661865,INCREASES_FRAUD_RISK
41261572,4,feature_54,-0.4675325287240186,0.6342600584030151,INCREASES_FRAUD_RISK
41261572,5,feature_75,-0.0951039362673167,0.6300196647644043,INCREASES_FRAUD_RISK
43662693,1,feature_52,-0.4883090166917081,1.878925085067749,INCREASES_FRAUD_RISK
43662693,2,feature_89,-0.6942351992761703,1.446065902709961,INCREASES_FRAUD_RISK
43662693,3,feature_54,-0.4675181713359677,0.7445794343948364,INCREASES_FRAUD_RISK
43662693,4,feature_131,-0.1887158089232799,0.6774754524230957,INCREASES_FRAUD_RISK
43662693,5,feature_75,-0.0884566818944032,0.4766843318939209,INCREASES_FRAUD_RISK
49177809,1,feature_52,-0.4883258852327323,1.1594574451446533,INCREASES_FRAUD_RISK
49177809,2,feature_2,1.018601901343969,0.6021669507026672,INCREASES_FRAUD_RISK
49177809,3,feature_79,-1.4717644946197317,0.4778667092323303,INCREASES_FRAUD_RISK
49177809,4,feature_54,-0.4675376328413303,0.3854110538959503,INCREASES_FRAUD_RISK
49177809,5,feature_137,0.0073198473095321,0.36093878746032715,INCREASES_FRAUD_RISK
69094840,1,feature_52,-0.4883126415727742,1.2898458242416382,INCREASES_FRAUD_RISK
69094840,2,feature_162,-0.1836705632417872,0.8679567575454712,INCREASES_FRAUD_RISK
69094840,3,feature_160,-0.106714613806669,0.5826972723007202,INCREASES_FRAUD_RISK
69094840,4,feature_2,1.5735945770991024,0.5517038702964783,INCREASES_FRAUD_RISK
69094840,5,feature_54,-0.4675223534191843,0.3861255645751953,INCREASES_FRAUD_RISK
70788587,1,feature_52,-0.4881844863287833,1.8101778030395508,INCREASES_FRAUD_RISK
70788587,2,feature_2,1.018601901343969,0.5976234078407288,INCREASES_FRAUD_RISK
70788587,3,feature_126,-0.0684923569769184,0.5766375064849854,INCREASES_FRAUD_RISK
70788587,4,feature_54,-0.4673744986660908,0.37182924151420593,INCREASES_FRAUD_RISK
70788587,5,feature_51,-0.413817974329034,0.3441421389579773,INCREASES_FRAUD_RISK
71449174,1,feature_89,-0.6942351992761703,1.6723673343658447,INCREASES_FRAUD_RISK
71449174,2,feature_52,-0.4883522869255366,1.3284492492675781,INCREASES_FRAUD_RISK
71449174,3,feature_131,-0.1887158089232799,0.7844760417938232,INCREASES_FRAUD_RISK
71449174,4,feature_88,-0.7619369376159003,0.4078623354434967,INCREASES_FRAUD_RISK
71449174,5,feature_2,1.5735945770991024,0.3859648108482361,INCREASES_FRAUD_RISK
71449573,1,feature_89,-0.6942351992761703,1.6123905181884766,INCREASES_FRAUD_RISK
71449573,2,feature_52,-0.4883522869255366,1.3726229667663574,INCREASES_FRAUD_RISK
71449573,3,feature_131,-0.1887158089232799,0.7682795524597168,INCREASES_FRAUD_RISK
71449573,4,feature_75,-0.0950292480159356,0.646420955657959,INCREASES_FRAUD_RISK
71449573,5,feature_126,-0.1010274706354492,0.6133796572685242,INCREASES_FRAUD_RISK
71450190,1,feature_52,-0.4883391288926904,1.6498943567276,INCREASES_FRAUD_RISK
71450190,2,feature_89,-0.6942351992761703,1.4554765224456787,INCREASES_FRAUD_RISK
71450190,3,feature_131,-0.1887158089232799,0.7207430005073547,INCREASES_FRAUD_RISK
71450190,4,feature_160,-0.106714613806669,0.5801188349723816,INCREASES_FRAUD_RISK
71450190,5,feature_54,-0.4675529122634763,0.4739859998226166,INCREASES_FRAUD_RISK
71450194,1,feature_52,-0.4883522869255366,1.7849246263504028,INCREASES_FRAUD_RISK
71450194,2,feature_89,-0.6942351992761703,1.363403081893921,INCREASES_FRAUD_RISK
71450194,3,feature_131,-0.1887158089232799,0.7288098931312561,INCREASES_FRAUD_RISK
71450194,4,feature_75,-0.0950292480159356,0.6709576845169067,INCREASES_FRAUD_RISK
71450194,5,feature_160,-0.106714613806669,0.597480058670044,INCREASES_FRAUD_RISK
71450339,1,feature_52,-0.4883391288926904,1.6811914443969727,INCREASES_FRAUD_RISK
71450339,2,feature_89,-0.6942351992761703,1.1757532358169556,INCREASES_FRAUD_RISK
71450339,3,feature_131,-0.1887158089232799,0.608654260635376,INCREASES_FRAUD_RISK
71450339,4,feature_54,-0.4675529122634763,0.5319520831108093,INCREASES_FRAUD_RISK
71450339,5,feature_160,-0.106714613806669,0.4875187277793884,INCREASES_FRAUD_RISK
71450516,1,feature_52,-0.4883391288926904,1.854846477508545,INCREASES_FRAUD_RISK
71450516,2,feature_89,-0.6942351992761703,0.9897605180740356,INCREASES_FRAUD_RISK
71450516,3,feature_162,-0.1836705632417872,0.5972163081169128,INCREASES_FRAUD_RISK
71450516,4,feature_160,-0.106714613806669,0.5343167185783386,INCREASES_FRAUD_RISK
71450516,5,feature_54,-0.4675529122634763,0.5241548418998718,INCREASES_FRAUD_RISK
71450526,1,feature_52,-0.4881966453786586,1.4262620210647583,INCREASES_FRAUD_RISK
71450526,2,feature_2,1.5735945770991024,0.4666610360145569,INCREASES_FRAUD_RISK
71450526,3,feature_79,-1.4717644946197317,0.45313140749931335,INCREASES_FRAUD_RISK
71450526,4,feature_163,-1.7609264293068194,0.36055490374565125,INCREASES_FRAUD_RISK
71450526,5,feature_51,-0.413832593910374,0.31336238980293274,INCREASES_FRAUD_RISK
71450697,1,feature_52,-0.4883522869255366,1.2703005075454712,INCREASES_FRAUD_RISK
71450697,2,feature_162,-0.1836705632417872,1.0429362058639526,INCREASES_FRAUD_RISK
71450697,3,feature_160,-0.106714613806669,0.5925334692001343,INCREASES_FRAUD_RISK
71450697,4,feature_2,1.5735945770991024,0.5588555932044983,INCREASES_FRAUD_RISK
71450697,5,feature_79,-1.4717644946197317,0.33218181133270264,INCREASES_FRAUD_RISK
71450704,1,feature_52,-0.4883522869255366,1.490188717842102,INCREASES_FRAUD_RISK
71450704,2,feature_89,-0.6942351992761703,1.4193146228790283,INCREASES_FRAUD_RISK
71450704,3,feature_131,-0.1887158089232799,0.7681411504745483,INCREASES_FRAUD_RISK
71450704,4,feature_75,-0.0950292480159356,0.6907190680503845,INCREASES_FRAUD_RISK
71450704,5,feature_160,-0.106714613806669,0.5912946462631226,INCREASES_FRAUD_RISK
71450731,1,feature_89,-0.6942351992761703,1.6620848178863525,INCREASES_FRAUD_RISK
71450731,2,feature_52,-0.4883391288926904,1.5120564699172974,INCREASES_FRAUD_RISK
71450731,3,feature_131,-0.1887158089232799,0.7190443277359009,INCREASES_FRAUD_RISK
71450731,4,feature_75,-0.0950292480159356,0.7031694650650024,INCREASES_FRAUD_RISK
71450731,5,feature_54,-0.4675529122634763,0.4566580355167389,INCREASES_FRAUD_RISK
71450904,1,feature_52,-0.4883522869255366,1.0285793542861938,INCREASES_FRAUD_RISK
71450904,2,feature_126,-0.1294956950866637,0.8207610249519348,INCREASES_FRAUD_RISK
71450904,3,feature_162,-0.1405970785066562,0.675055980682373,INCREASES_FRAUD_RISK
71450904,4,feature_79,-1.4717644946197317,0.4085386097431183,INCREASES_FRAUD_RISK
71450904,5,feature_2,1.5735945770991024,0.40655550360679626,INCREASES_FRAUD_RISK
71450921,1,feature_89,-0.6942351992761703,1.580496907234192,INCREASES_FRAUD_RISK
71450921,2,feature_52,-0.4883391288926904,1.4944233894348145,INCREASES_FRAUD_RISK
71450921,3,feature_131,-0.1887158089232799,0.6811073422431946,INCREASES_FRAUD_RISK
71450921,4,feature_75,-0.0950292480159356,0.658551812171936,INCREASES_FRAUD_RISK
71450921,5,feature_54,-0.4675529122634763,0.4848136603832245,INCREASES_FRAUD_RISK
71451283,1,feature_52,-0.4883522869255366,1.5707446336746216,INCREASES_FRAUD_RISK
71451283,2,feature_89,-0.6942351992761703,1.306409239768982,INCREASES_FRAUD_RISK
71451283,3,feature_131,-0.1887158089232799,0.7485322952270508,INCREASES_FRAUD_RISK
71451283,4,feature_160,-0.106714613806669,0.5100130438804626,INCREASES_FRAUD_RISK
71451283,5,feature_162,-0.1836705632417872,0.42890143394470215,INCREASES_FRAUD_RISK
71451628,1,feature_52,-0.4882356057145267,2.1259477138519287,INCREASES_FRAUD_RISK
71451628,2,feature_89,-0.6942351992761703,1.2343186140060425,INCREASES_FRAUD_RISK
71451628,3,feature_131,-0.1887158089232799,0.6209267377853394,INCREASES_FRAUD_RISK
71451628,4,feature_54,-0.4674334759183827,0.5966181755065918,INCREASES_FRAUD_RISK
71451628,5,feature_75,-0.0950292480159356,0.547013521194458,INCREASES_FRAUD_RISK
71451632,1,feature_89,-0.6942351992761703,1.6257562637329102,INCREASES_FRAUD_RISK
71451632,2,feature_52,-0.4883522869255366,1.4261486530303955,INCREASES_FRAUD_RISK
71451632,3,feature_131,-0.1887158089232799,0.7245801687240601,INCREASES_FRAUD_RISK
71451632,4,feature_75,-0.0950292480159356,0.590683102607727,INCREASES_FRAUD_RISK
71451632,5,feature_126,-0.0440910217330203,0.43004313111305237,INCREASES_FRAUD_RISK
71451667,1,feature_52,-0.4883391288926904,1.6799368858337402,INCREASES_FRAUD_RISK
71451667,2,feature_89,-0.6942351992761703,1.4871277809143066,INCREASES_FRAUD_RISK
71451667,3,feature_75,-0.0950292480159356,0.7891902327537537,INCREASES_FRAUD_RISK
71451667,4,feature_131,-0.1887158089232799,0.718481183052063,INCREASES_FRAUD_RISK
71451667,5,feature_160,-0.106714613806669,0.5985296368598938,INCREASES_FRAUD_RISK
71451822,1,feature_52,-0.4883522869255366,1.902469277381897,INCREASES_FRAUD_RISK
71451822,2,feature_89,-0.6942351992761703,1.0512086153030396,INCREASES_FRAUD_RISK
71451822,3,feature_126,-0.1010274706354492,0.564153254032135,INCREASES_FRAUD_RISK
71451822,4,feature_2,1.018601901343969,0.46107086539268494,INCREASES_FRAUD_RISK
71451822,5,feature_162,-0.1405970785066562,0.40922194719314575,INCREASES_FRAUD_RISK
71460296,1,feature_52,-0.4883391288926904,1.4396817684173584,INCREASES_FRAUD_RISK
71460296,2,feature_162,-0.1836705632417872,0.8533045649528503,INCREASES_FRAUD_RISK
71460296,3,feature_126,-0.1111946936537401,0.5953241586685181,INCREASES_FRAUD_RISK
71460296,4,feature_160,-0.106714613806669,0.5786706209182739,INCREASES_FRAUD_RISK
71460296,5,feature_2,1.018601901343969,0.5601626038551331,INCREASES_FRAUD_RISK
71748299,1,feature_52,-0.4883317935034463,1.5981913805007935,INCREASES_FRAUD_RISK
71748299,2,feature_89,-0.6942351992761703,1.3835079669952393,INCREASES_FRAUD_RISK
71748299,3,feature_75,-0.0950292480159356,0.6792452335357666,INCREASES_FRAUD_RISK
71748299,4,feature_131,-0.1887158089232799,0.6716195940971375,INCREASES_FRAUD_RISK
71748299,5,feature_160,-0.106714613806669,0.5865777730941772,INCREASES_FRAUD_RISK
71748300,1,feature_52,-0.4883317935034463,1.826356053352356,INCREASES_FRAUD_RISK
71748300,2,feature_89,-0.6942351992761703,1.525649905204773,INCREASES_FRAUD_RISK
71748300,3,feature_75,-0.0950292480159356,0.6775256991386414,INCREASES_FRAUD_RISK
71748300,4,feature_54,-0.4675444493076756,0.6773667931556702,INCREASES_FRAUD_RISK
71748300,5,feature_131,-0.1887158089232799,0.654573380947113,INCREASES_FRAUD_RISK
71748458,1,feature_52,-0.4883449515362926,1.8711978197097778,INCREASES_FRAUD_RISK
71748458,2,feature_89,-0.6942351992761703,1.1726508140563965,INCREASES_FRAUD_RISK
71748458,3,feature_54,-0.4675596299404542,0.6646980047225952,INCREASES_FRAUD_RISK
71748458,4,feature_131,-0.1887158089232799,0.5879591703414917,INCREASES_FRAUD_RISK
71748458,5,feature_160,-0.106714613806669,0.47012579441070557,INCREASES_FRAUD_RISK
71748770,1,feature_52,-0.4883449515362926,1.2907871007919312,INCREASES_FRAUD_RISK
71748770,2,feature_162,-0.1836705632417872,0.8544945120811462,INCREASES_FRAUD_RISK
71748770,3,feature_126,-0.1050943598427655,0.6266974806785583,INCREASES_FRAUD_RISK
71748770,4,feature_160,-0.106714613806669,0.615246057510376,INCREASES_FRAUD_RISK
71748770,5,feature_2,1.5735945770991024,0.4764387309551239,INCREASES_FRAUD_RISK
71749633,1,feature_52,-0.4883449515362926,1.2480347156524658,INCREASES_FRAUD_RISK
71749633,2,feature_162,-0.1836705632417872,0.8177668452262878,INCREASES_FRAUD_RISK
71749633,3,feature_160,-0.106714613806669,0.6200586557388306,INCREASES_FRAUD_RISK
71749633,4,feature_126,-0.1010274706354492,0.6183921694755554,INCREASES_FRAUD_RISK
71749633,5,feature_2,1.5735945770991024,0.45970577001571655,INCREASES_FRAUD_RISK
71769835,1,feature_52,-0.4881314546042098,0.9404523968696594,INCREASES_FRAUD_RISK
71769835,2,feature_2,1.5735945770991024,0.6962348818778992,INCREASES_FRAUD_RISK
71769835,3,feature_137,-0.2076852441968874,0.3698199689388275,INCREASES_FRAUD_RISK
71769835,4,feature_57,-0.0391510159950144,0.3445430397987366,INCREASES_FRAUD_RISK
71769835,5,feature_54,-0.4674206772070162,0.27286243438720703,INCREASES_FRAUD_RISK
71987809,1,feature_89,-0.6942351992761703,1.6319137811660767,INCREASES_FRAUD_RISK
71987809,2,feature_52,-0.4883181502502999,1.4716460704803467,INCREASES_FRAUD_RISK
71987809,3,feature_131,-0.1887158089232799,0.747545599937439,INCREASES_FRAUD_RISK
71987809,4,feature_75,-0.0918176532065505,0.6999297142028809,INCREASES_FRAUD_RISK
71987809,5,feature_126,-0.1050943598427655,0.6019715666770935,INCREASES_FRAUD_RISK
71987847,1,feature_52,-0.4883484051631351,1.7933597564697266,INCREASES_FRAUD_RISK
71987847,2,feature_89,-0.6942351992761703,1.2731989622116089,INCREASES_FRAUD_RISK
71987847,3,feature_131,-0.1887158089232799,0.7194420099258423,INCREASES_FRAUD_RISK
71987847,4,feature_54,-0.4675636144449362,0.5965924263000488,INCREASES_FRAUD_RISK
71987847,5,feature_160,-0.106714613806669,0.5121432542800903,INCREASES_FRAUD_RISK
71987983,1,feature_52,-0.4883410697738911,1.8049520254135132,INCREASES_FRAUD_RISK
71987983,2,feature_89,-0.6942351992761703,1.5163644552230835,INCREASES_FRAUD_RISK
71987983,3,feature_131,-0.1887158089232799,0.7164255976676941,INCREASES_FRAUD_RISK
71987983,4,feature_75,-0.0918176532065505,0.671814501285553,INCREASES_FRAUD_RISK
71987983,5,feature_54,-0.4675551514891356,0.6382723450660706,INCREASES_FRAUD_RISK
71987987,1,feature_89,-0.6942351992761703,1.6687651872634888,INCREASES_FRAUD_RISK
71987987,2,feature_52,-0.4883181502502999,1.4586577415466309,INCREASES_FRAUD_RISK
71987987,3,feature_75,-0.0918176532065505,0.7513555288314819,INCREASES_FRAUD_RISK
71987987,4,feature_131,-0.1887158089232799,0.7506890296936035,INCREASES_FRAUD_RISK
71987987,5,feature_2,1.018601901343969,0.47540852427482605,INCREASES_FRAUD_RISK
71988265,1,feature_52,-0.4883410697738911,1.6912249326705933,INCREASES_FRAUD_RISK
71988265,2,feature_89,-0.6942351992761703,1.510162353515625,INCREASES_FRAUD_RISK
71988265,3,feature_131,-0.1887158089232799,0.6852213740348816,INCREASES_FRAUD_RISK
71988265,4,feature_75,-0.0918176532065505,0.6602439880371094,INCREASES_FRAUD_RISK
71988265,5,feature_54,-0.4675551514891356,0.5939133167266846,INCREASES_FRAUD_RISK
71988421,1,feature_89,-0.6942351992761703,1.6743152141571045,INCREASES_FRAUD_RISK
71988421,2,feature_52,-0.4883410697738911,1.4744482040405273,INCREASES_FRAUD_RISK
71988421,3,feature_131,-0.1887158089232799,0.7546810507774353,INCREASES_FRAUD_RISK
71988421,4,feature_75,-0.0918176532065505,0.7474879026412964,INCREASES_FRAUD_RISK
71988421,5,feature_88,-0.7618985851043136,0.44661596417427063,INCREASES_FRAUD_RISK
71988422,1,feature_89,-0.6942351992761703,1.7153998613357544,INCREASES_FRAUD_RISK
71988422,2,feature_52,-0.4883484051631351,1.390874981880188,INCREASES_FRAUD_RISK
71988422,3,feature_131,-0.1887158089232799,0.7572278380393982,INCREASES_FRAUD_RISK
71988422,4,feature_75,-0.0918176532065505,0.7561997175216675,INCREASES_FRAUD_RISK
71988422,5,feature_88,-0.7618985851043136,0.4461817443370819,INCREASES_FRAUD_RISK
71988426,1,feature_89,-0.6942351992761703,1.639567255973816,INCREASES_FRAUD_RISK
71988426,2,feature_52,-0.4883410697738911,1.5108262300491333,INCREASES_FRAUD_RISK
71988426,3,feature_131,-0.1887158089232799,0.7417274117469788,INCREASES_FRAUD_RISK
71988426,4,feature_75,-0.0918176532065505,0.6962394714355469,INCREASES_FRAUD_RISK
71988426,5,feature_126,-0.1132281382573982,0.6027058362960815,INCREASES_FRAUD_RISK
71988430,1,feature_52,-0.4883410697738911,1.8628557920455933,INCREASES_FRAUD_RISK
71988430,2,feature_89,-0.6942351992761703,1.5537002086639404,INCREASES_FRAUD_RISK
71988430,3,feature_75,-0.0918176532065505,0.7481045722961426,INCREASES_FRAUD_RISK
71988430,4,feature_131,-0.1887158089232799,0.699522078037262,INCREASES_FRAUD_RISK
71988430,5,feature_54,-0.4675551514891356,0.598016619682312,INCREASES_FRAUD_RISK
71988433,1,feature_89,-0.6942351992761703,1.6676411628723145,INCREASES_FRAUD_RISK
71988433,2,feature_52,-0.4883484051631351,1.3571555614471436,INCREASES_FRAUD_RISK
71988433,3,feature_131,-0.1887158089232799,0.7835058569908142,INCREASES_FRAUD_RISK
71988433,4,feature_75,-0.0918176532065505,0.7024810314178467,INCREASES_FRAUD_RISK
71988433,5,feature_126,-0.1132281382573982,0.6921023726463318,INCREASES_FRAUD_RISK
71988438,1,feature_89,-0.6942351992761703,1.6941823959350586,INCREASES_FRAUD_RISK
71988438,2,feature_52,-0.4883484051631351,1.3818200826644897,INCREASES_FRAUD_RISK
71988438,3,feature_131,-0.1887158089232799,0.7907036542892456,INCREASES_FRAUD_RISK
71988438,4,feature_75,-0.0918176532065505,0.7267696857452393,INCREASES_FRAUD_RISK
71988438,5,feature_88,-0.7618985851043136,0.44339433312416077,INCREASES_FRAUD_RISK
71988444,1,feature_52,-0.4883484051631351,1.6628262996673584,INCREASES_FRAUD_RISK
71988444,2,feature_89,-0.6942351992761703,1.6297016143798828,INCREASES_FRAUD_RISK
71988444,3,feature_131,-0.1887158089232799,0.743806004524231,INCREASES_FRAUD_RISK
71988444,4,feature_75,-0.0918176532065505,0.6130156517028809,INCREASES_FRAUD_RISK
71988444,5,feature_54,-0.4675636144449362,0.5402107834815979,INCREASES_FRAUD_RISK
71988450,1,feature_89,-0.6942351992761703,1.5680525302886963,INCREASES_FRAUD_RISK
71988450,2,feature_52,-0.4883484051631351,1.4808473587036133,INCREASES_FRAUD_RISK
71988450,3,feature_75,-0.0918176532065505,0.7154987454414368,INCREASES_FRAUD_RISK
71988450,4,feature_131,-0.1887158089232799,0.7120118737220764,INCREASES_FRAUD_RISK
71988450,5,feature_126,-0.0664589123732602,0.5396572947502136,INCREASES_FRAUD_RISK
71988707,1,feature_89,-0.6942351992761703,1.6258949041366577,INCREASES_FRAUD_RISK
71988707,2,feature_52,-0.4883181502502999,1.4650483131408691,INCREASES_FRAUD_RISK
71988707,3,feature_131,-0.1887158089232799,0.7639217972755432,INCREASES_FRAUD_RISK
71988707,4,feature_75,-0.0918176532065505,0.7007161378860474,INCREASES_FRAUD_RISK
71988707,5,feature_126,-0.1050943598427655,0.6550372838973999,INCREASES_FRAUD_RISK
71988716,1,feature_52,-0.4883410697738911,1.4579806327819824,INCREASES_FRAUD_RISK
71988716,2,feature_89,-0.6942351992761703,1.401975154876709,INCREASES_FRAUD_RISK
71988716,3,feature_126,-0.1294956950866637,0.724361002445221,INCREASES_FRAUD_RISK
71988716,4,feature_131,-0.1887158089232799,0.6933156847953796,INCREASES_FRAUD_RISK
71988716,5,feature_75,-0.0937595477424578,0.668507993221283,INCREASES_FRAUD_RISK
71988749,1,feature_52,-0.4882146270721362,1.9576376676559448,INCREASES_FRAUD_RISK
71988749,2,feature_89,-0.6942351992761703,1.4684298038482666,INCREASES_FRAUD_RISK
71988749,3,feature_131,-0.1887158089232799,0.7295742034912109,INCREASES_FRAUD_RISK
71988749,4,feature_75,-0.0918176532065505,0.5897548794746399,INCREASES_FRAUD_RISK
71988749,5,feature_88,-0.7618985851043136,0.4771263301372528,INCREASES_FRAUD_RISK
71988753,1,feature_89,-0.6942351992761703,1.6454176902770996,INCREASES_FRAUD_RISK
71988753,2,feature_52,-0.4883410697738911,1.5194745063781738,INCREASES_FRAUD_RISK
71988753,3,feature_75,-0.0918176532065505,0.7522345781326294,INCREASES_FRAUD_RISK
71988753,4,feature_131,-0.1887158089232799,0.7420376539230347,INCREASES_FRAUD_RISK
71988753,5,feature_54,-0.4675551514891356,0.4678402245044708,INCREASES_FRAUD_RISK
71988756,1,feature_89,-0.6942351992761703,1.6224828958511353,INCREASES_FRAUD_RISK
71988756,2,feature_52,-0.4883181502502999,1.4526746273040771,INCREASES_FRAUD_RISK
71988756,3,feature_75,-0.0918176532065505,0.7304408550262451,INCREASES_FRAUD_RISK
71988756,4,feature_131,-0.1887158089232799,0.7270359992980957,INCREASES_FRAUD_RISK
71988756,5,feature_54,-0.4675287088684821,0.4397338330745697,INCREASES_FRAUD_RISK
71988771,1,feature_89,-0.6942351992761703,1.6777104139328003,INCREASES_FRAUD_RISK
71988771,2,feature_52,-0.4883410697738911,1.4758200645446777,INCREASES_FRAUD_RISK
71988771,3,feature_131,-0.1887158089232799,0.7637920379638672,INCREASES_FRAUD_RISK
71988771,4,feature_75,-0.0918176532065505,0.7502573728561401,INCREASES_FRAUD_RISK
71988771,5,feature_54,-0.4675551514891356,0.44445860385894775,INCREASES_FRAUD_RISK
71988781,1,feature_89,-0.6942351992761703,1.626180648803711,INCREASES_FRAUD_RISK
71988781,2,feature_52,-0.4883410697738911,1.5000381469726562,INCREASES_FRAUD_RISK
71988781,3,feature_131,-0.1887158089232799,0.7382498383522034,INCREASES_FRAUD_RISK
71988781,4,feature_75,-0.0918176532065505,0.7344909906387329,INCREASES_FRAUD_RISK
71988781,5,feature_2,1.5735945770991024,0.5055481195449829,INCREASES_FRAUD_RISK
71988920,1,feature_89,-0.6942351992761703,1.7196667194366455,INCREASES_FRAUD_RISK
71988920,2,feature_52,-0.4883484051631351,1.3923979997634888,INCREASES_FRAUD_RISK
71988920,3,feature_131,-0.1887158089232799,0.7572278380393982,INCREASES_FRAUD_RISK
71988920,4,feature_75,-0.0918176532065505,0.7570323944091797,INCREASES_FRAUD_RISK
71988920,5,feature_88,-0.7618985851043136,0.4461817443370819,INCREASES_FRAUD_RISK
71988925,1,feature_52,-0.4883313082831462,1.8955572843551636,INCREASES_FRAUD_RISK
71988925,2,feature_89,-0.6942351992761703,1.3239145278930664,INCREASES_FRAUD_RISK
71988925,3,feature_75,-0.0937595477424578,0.7093127369880676,INCREASES_FRAUD_RISK
71988925,4,feature_131,-0.1887158089232799,0.672074556350708,INCREASES_FRAUD_RISK
71988925,5,feature_54,-0.4675438895012608,0.6694559454917908,INCREASES_FRAUD_RISK
71988968,1,feature_52,-0.4883410697738911,1.2555716037750244,INCREASES_FRAUD_RISK
71988968,2,feature_162,-0.1405970785066562,0.7036139369010925,INCREASES_FRAUD_RISK
71988968,3,feature_2,1.5735945770991024,0.5958929061889648,INCREASES_FRAUD_RISK
71988968,4,feature_79,-1.4717644946197317,0.4505804479122162,INCREASES_FRAUD_RISK
71988968,5,feature_54,-0.4675551514891356,0.3217128813266754,INCREASES_FRAUD_RISK
71989154,1,feature_89,-0.6942351992761703,1.4682881832122803,INCREASES_FRAUD_RISK
71989154,2,feature_52,-0.4865088779203804,1.2835783958435059,INCREASES_FRAUD_RISK
71989154,3,feature_75,-0.0918176532065505,0.6109137535095215,INCREASES_FRAUD_RISK
71989154,4,feature_131,-0.1887158089232799,0.5539019703865051,INCREASES_FRAUD_RISK
71989154,5,feature_88,-0.7618985851043136,0.47277745604515076,INCREASES_FRAUD_RISK
71989158,1,feature_52,-0.4883410697738911,1.3475539684295654,INCREASES_FRAUD_RISK
71989158,2,feature_162,-0.1405970785066562,0.8189478516578674,INCREASES_FRAUD_RISK
71989158,3,feature_2,1.5735945770991024,0.7114307880401611,INCREASES_FRAUD_RISK
71989158,4,feature_79,-1.4717644946197317,0.42157140374183655,INCREASES_FRAUD_RISK
71989158,5,feature_54,-0.4675551514891356,0.41125211119651794,INCREASES_FRAUD_RISK
71989168,1,feature_52,-0.4883410697738911,1.7894713878631592,INCREASES_FRAUD_RISK
71989168,2,feature_89,-0.6942351992761703,1.5720630884170532,INCREASES_FRAUD_RISK
71989168,3,feature_75,-0.0918176532065505,0.7499366402626038,INCREASES_FRAUD_RISK
71989168,4,feature_131,-0.1887158089232799,0.7037997841835022,INCREASES_FRAUD_RISK
71989168,5,feature_54,-0.4675551514891356,0.6101510524749756,INCREASES_FRAUD_RISK
71989346,1,feature_89,-0.6942351992761703,1.5986372232437134,INCREASES_FRAUD_RISK
71989346,2,feature_52,-0.4883181502502999,1.5268707275390625,INCREASES_FRAUD_RISK
71989346,3,feature_131,-0.1887158089232799,0.7132190465927124,INCREASES_FRAUD_RISK
71989346,4,feature_75,-0.0918176532065505,0.690926194190979,INCREASES_FRAUD_RISK
71989346,5,feature_126,-0.1111946936537401,0.6312907338142395,INCREASES_FRAUD_RISK
71989358,1,feature_52,-0.4883484051631351,1.4870227575302124,INCREASES_FRAUD_RISK
71989358,2,feature_89,-0.6942351992761703,1.4215631484985352,INCREASES_FRAUD_RISK
71989358,3,feature_131,-0.1887158089232799,0.7358580827713013,INCREASES_FRAUD_RISK
71989358,4,feature_75,-0.0937595477424578,0.6711512804031372,INCREASES_FRAUD_RISK
71989358,5,feature_160,-0.106714613806669,0.5577879548072815,INCREASES_FRAUD_RISK
71989369,1,feature_89,-0.6942351992761703,1.62302827835083,INCREASES_FRAUD_RISK
71989369,2,feature_52,-0.4883410697738911,1.5259712934494019,INCREASES_FRAUD_RISK
71989369,3,feature_75,-0.0918176532065505,0.7525712251663208,INCREASES_FRAUD_RISK
71989369,4,feature_131,-0.1887158089232799,0.7284436821937561,INCREASES_FRAUD_RISK
71989369,5,feature_54,-0.4675551514891356,0.4801519811153412,INCREASES_FRAUD_RISK
71989375,1,feature_89,-0.6942351992761703,1.730708122253418,INCREASES_FRAUD_RISK
71989375,2,feature_52,-0.4883484051631351,1.4383270740509033,INCREASES_FRAUD_RISK
71989375,3,feature_131,-0.1887158089232799,0.8316734433174133,INCREASES_FRAUD_RISK
71989375,4,feature_75,-0.0918176532065505,0.775011420249939,INCREASES_FRAUD_RISK
71989375,5,feature_88,-0.7618985851043136,0.46571388840675354,INCREASES_FRAUD_RISK
71989382,1,feature_89,-0.6942351992761703,1.6355715990066528,INCREASES_FRAUD_RISK
71989382,2,feature_52,-0.4883410697738911,1.4704508781433105,INCREASES_FRAUD_RISK
71989382,3,feature_131,-0.1887158089232799,0.7496780753135681,INCREASES_FRAUD_RISK
71989382,4,feature_75,-0.0918176532065505,0.6940217018127441,INCREASES_FRAUD_RISK
71989382,5,feature_126,-0.1010274706354492,0.6154057383537292,INCREASES_FRAUD_RISK
71989395,1,feature_52,-0.4883410697738911,1.6414239406585693,INCREASES_FRAUD_RISK
71989395,2,feature_89,-0.6942351992761703,1.4967554807662964,INCREASES_FRAUD_RISK
71989395,3,feature_131,-0.1887158089232799,0.7044586539268494,INCREASES_FRAUD_RISK
71989395,4,feature_160,-0.106714613806669,0.6374330520629883,INCREASES_FRAUD_RISK
71989395,5,feature_54,-0.4675551514891356,0.49094828963279724,INCREASES_FRAUD_RISK
71989402,1,feature_89,-0.6942351992761703,1.8167357444763184,INCREASES_FRAUD_RISK
71989402,2,feature_52,-0.4883484051631351,1.4112406969070435,INCREASES_FRAUD_RISK
71989402,3,feature_75,-0.0918176532065505,0.8508287668228149,INCREASES_FRAUD_RISK
71989402,4,feature_131,-0.1887158089232799,0.7714099287986755,INCREASES_FRAUD_RISK
71989402,5,feature_88,-0.7618985851043136,0.45293161273002625,INCREASES_FRAUD_RISK
71989670,1,feature_89,-0.6942351992761703,1.6337310075759888,INCREASES_FRAUD_RISK
71989670,2,feature_52,-0.4883410697738911,1.3844048976898193,INCREASES_FRAUD_RISK
71989670,3,feature_131,-0.1887158089232799,0.7226496338844299,INCREASES_FRAUD_RISK
71989670,4,feature_126,-0.1294956950866637,0.7164251208305359,INCREASES_FRAUD_RISK
71989670,5,feature_75,-0.0918176532065505,0.7046810388565063,INCREASES_FRAUD_RISK
71989674,1,feature_52,-0.4883313082831462,1.7309600114822388,INCREASES_FRAUD_RISK
71989674,2,feature_89,-0.6942351992761703,1.5395598411560059,INCREASES_FRAUD_RISK
71989674,3,feature_75,-0.0918176532065505,0.7504104971885681,INCREASES_FRAUD_RISK
71989674,4,feature_131,-0.1887158089232799,0.6990417242050171,INCREASES_FRAUD_RISK
71989674,5,feature_54,-0.4675438895012608,0.6058462858200073,INCREASES_FRAUD_RISK
71989678,1,feature_89,-0.6942351992761703,1.7008925676345825,INCREASES_FRAUD_RISK
71989678,2,feature_52,-0.4883484051631351,1.3856282234191895,INCREASES_FRAUD_RISK
71989678,3,feature_131,-0.1887158089232799,0.7810553908348083,INCREASES_FRAUD_RISK
71989678,4,feature_75,-0.0918176532065505,0.7583483457565308,INCREASES_FRAUD_RISK
71989678,5,feature_88,-0.7618985851043136,0.4509590268135071,INCREASES_FRAUD_RISK
71989681,1,feature_89,-0.6942351992761703,1.6680408716201782,INCREASES_FRAUD_RISK
71989681,2,feature_52,-0.4883181502502999,1.491235375404358,INCREASES_FRAUD_RISK
71989681,3,feature_75,-0.0918176532065505,0.7555334568023682,INCREASES_FRAUD_RISK
71989681,4,feature_131,-0.1887158089232799,0.7305426001548767,INCREASES_FRAUD_RISK
71989681,5,feature_2,1.018601901343969,0.49291443824768066,INCREASES_FRAUD_RISK
71989683,1,feature_89,-0.6942351992761703,1.6339027881622314,INCREASES_FRAUD_RISK
71989683,2,feature_52,-0.4883181502502999,1.463671088218689,INCREASES_FRAUD_RISK
71989683,3,feature_131,-0.1887158089232799,0.7362825870513916,INCREASES_FRAUD_RISK
71989683,4,feature_75,-0.0918176532065505,0.6988178491592407,INCREASES_FRAUD_RISK
71989683,5,feature_126,-0.1091612490500819,0.5963996052742004,INCREASES_FRAUD_RISK
71989973,1,feature_89,-0.6942351992761703,1.582040786743164,INCREASES_FRAUD_RISK
71989973,2,feature_52,-0.4883410697738911,1.472076654434204,INCREASES_FRAUD_RISK
71989973,3,feature_75,-0.0918176532065505,0.7232764959335327,INCREASES_FRAUD_RISK
71989973,4,feature_131,-0.1887158089232799,0.7163602113723755,INCREASES_FRAUD_RISK
71989973,5,feature_126,-0.1294956950866637,0.4843757450580597,INCREASES_FRAUD_RISK
71989979,1,feature_52,-0.4883313082831462,1.9449197053909302,INCREASES_FRAUD_RISK
71989979,2,feature_89,-0.6942351992761703,1.4238290786743164,INCREASES_FRAUD_RISK
71989979,3,feature_54,-0.4675438895012608,0.8105214238166809,INCREASES_FRAUD_RISK
71989979,4,feature_131,-0.1887158089232799,0.7715867161750793,INCREASES_FRAUD_RISK
71989979,5,feature_75,-0.0937595477424578,0.7177515029907227,INCREASES_FRAUD_RISK
71989982,1,feature_89,-0.6942351992761703,1.6562938690185547,INCREASES_FRAUD_RISK
71989982,2,feature_52,-0.4883410697738911,1.4654310941696167,INCREASES_FRAUD_RISK
71989982,3,feature_131,-0.1887158089232799,0.7630549669265747,INCREASES_FRAUD_RISK
71989982,4,feature_75,-0.0918176532065505,0.6958340406417847,INCREASES_FRAUD_RISK
71989982,5,feature_126,-0.1071278044464237,0.5960193872451782,INCREASES_FRAUD_RISK
71989984,1,feature_89,-0.6942351992761703,1.7275031805038452,INCREASES_FRAUD_RISK
71989984,2,feature_52,-0.4883484051631351,1.3953930139541626,INCREASES_FRAUD_RISK
71989984,3,feature_75,-0.0918176532065505,0.7796461582183838,INCREASES_FRAUD_RISK
71989984,4,feature_131,-0.1887158089232799,0.7646768093109131,INCREASES_FRAUD_RISK
71989984,5,feature_88,-0.7618985851043136,0.4409485161304474,INCREASES_FRAUD_RISK
71989985,1,feature_89,-0.6942351992761703,1.6223726272583008,INCREASES_FRAUD_RISK
71989985,2,feature_52,-0.4883181502502999,1.5035269260406494,INCREASES_FRAUD_RISK
71989985,3,feature_75,-0.0918176532065505,0.747506856918335,INCREASES_FRAUD_RISK
71989985,4,feature_131,-0.1887158089232799,0.7469191551208496,INCREASES_FRAUD_RISK
71989985,5,feature_54,-0.4675287088684821,0.4393400251865387,INCREASES_FRAUD_RISK
71989992,1,feature_52,-0.4883410697738911,1.771741509437561,INCREASES_FRAUD_RISK
71989992,2,feature_89,-0.6942351992761703,1.5034537315368652,INCREASES_FRAUD_RISK
71989992,3,feature_131,-0.1887158089232799,0.710632860660553,INCREASES_FRAUD_RISK
71989992,4,feature_160,-0.106714613806669,0.617119550704956,INCREASES_FRAUD_RISK
71989992,5,feature_162,-0.1836705632417872,0.5088838338851929,INCREASES_FRAUD_RISK
71990001,1,feature_89,-0.6942351992761703,1.7220396995544434,INCREASES_FRAUD_RISK
71990001,2,feature_52,-0.4883484051631351,1.4311656951904297,INCREASES_FRAUD_RISK
71990001,3,feature_75,-0.0918176532065505,0.7785791158676147,INCREASES_FRAUD_RISK
71990001,4,feature_131,-0.1887158089232799,0.75821852684021,INCREASES_FRAUD_RISK
71990001,5,feature_88,-0.7618985851043136,0.4443255364894867,INCREASES_FRAUD_RISK
71990017,1,feature_89,-0.6942351992761703,1.6724629402160645,INCREASES_FRAUD_RISK
71990017,2,feature_52,-0.4883410697738911,1.5096279382705688,INCREASES_FRAUD_RISK
71990017,3,feature_75,-0.0918176532065505,0.7367985248565674,INCREASES_FRAUD_RISK
71990017,4,feature_131,-0.1887158089232799,0.7286346554756165,INCREASES_FRAUD_RISK
71990017,5,feature_88,-0.7618985851043136,0.45503705739974976,INCREASES_FRAUD_RISK
71990171,1,feature_89,-0.6942351992761703,1.7319939136505127,INCREASES_FRAUD_RISK
71990171,2,feature_52,-0.4883484051631351,1.4797263145446777,INCREASES_FRAUD_RISK
71990171,3,feature_131,-0.1887158089232799,0.8285385966300964,INCREASES_FRAUD_RISK
71990171,4,feature_75,-0.0918176532065505,0.7980940341949463,INCREASES_FRAUD_RISK
71990171,5,feature_88,-0.7618985851043136,0.45563119649887085,INCREASES_FRAUD_RISK
71990384,1,feature_89,-0.6942351992761703,1.7285091876983643,INCREASES_FRAUD_RISK
71990384,2,feature_52,-0.4883484051631351,1.4458205699920654,INCREASES_FRAUD_RISK
71990384,3,feature_75,-0.0918176532065505,0.7831625938415527,INCREASES_FRAUD_RISK
71990384,4,feature_131,-0.1887158089232799,0.7620335221290588,INCREASES_FRAUD_RISK
71990384,5,feature_88,-0.7618985851043136,0.4524703919887543,INCREASES_FRAUD_RISK
71990565,1,feature_52,-0.4881966453786586,1.7096408605575562,INCREASES_FRAUD_RISK
71990565,2,feature_89,-0.6942351992761703,1.5970497131347656,INCREASES_FRAUD_RISK
71990565,3,feature_75,-0.0918176532065505,0.7797152996063232,INCREASES_FRAUD_RISK
71990565,4,feature_131,-0.1887158089232799,0.7525709867477417,INCREASES_FRAUD_RISK
71990565,5,feature_88,-0.7618985851043136,0.4600997865200043,INCREASES_FRAUD_RISK
71990611,1,feature_89,-0.6942351992761703,1.7236456871032715,INCREASES_FRAUD_RISK
71990611,2,feature_52,-0.4883410697738911,1.5219290256500244,INCREASES_FRAUD_RISK
71990611,3,feature_75,-0.0918176532065505,0.7691212892532349,INCREASES_FRAUD_RISK
71990611,4,feature_131,-0.1887158089232799,0.760089635848999,INCREASES_FRAUD_RISK
71990611,5,feature_2,1.018601901343969,0.4942728579044342,INCREASES_FRAUD_RISK
71990615,1,feature_89,-0.6942351992761703,1.6464632749557495,INCREASES_FRAUD_RISK
71990615,2,feature_52,-0.4883163520809521,1.619354009628296,INCREASES_FRAUD_RISK
71990615,3,feature_75,-0.0918176532065505,0.7855545282363892,INCREASES_FRAUD_RISK
71990615,4,feature_131,-0.1887158089232799,0.7737261056900024,INCREASES_FRAUD_RISK
71990615,5,feature_2,1.018601901343969,0.49903059005737305,INCREASES_FRAUD_RISK
71990813,1,feature_89,-0.6942351992761703,1.7246218919754028,INCREASES_FRAUD_RISK
71990813,2,feature_52,-0.4883484051631351,1.4334349632263184,INCREASES_FRAUD_RISK
71990813,3,feature_75,-0.0918176532065505,0.7828834056854248,INCREASES_FRAUD_RISK
71990813,4,feature_131,-0.1887158089232799,0.7715035676956177,INCREASES_FRAUD_RISK
71990813,5,feature_88,-0.7618985851043136,0.45317167043685913,INCREASES_FRAUD_RISK
71990821,1,feature_89,-0.6942351992761703,1.7413311004638672,INCREASES_FRAUD_RISK
71990821,2,feature_52,-0.4883410697738911,1.5386748313903809,INCREASES_FRAUD_RISK
71990821,3,feature_75,-0.0918176532065505,0.8214640617370605,INCREASES_FRAUD_RISK
71990821,4,feature_131,-0.1887158089232799,0.773587703704834,INCREASES_FRAUD_RISK
71990821,5,feature_126,-0.1010274706354492,0.6067310571670532,INCREASES_FRAUD_RISK
71992858,1,feature_52,-0.4883410697738911,1.6738088130950928,INCREASES_FRAUD_RISK
71992858,2,feature_89,-0.6942351992761703,1.5310717821121216,INCREASES_FRAUD_RISK
71992858,3,feature_75,-0.0937595477424578,0.857103168964386,INCREASES_FRAUD_RISK
71992858,4,feature_131,-0.1887158089232799,0.7563109397888184,INCREASES_FRAUD_RISK
71992858,5,feature_160,-0.106714613806669,0.5814242362976074,INCREASES_FRAUD_RISK
71993480,1,feature_89,-0.6942351992761703,1.6537015438079834,INCREASES_FRAUD_RISK
71993480,2,feature_52,-0.4883484051631351,1.5088809728622437,INCREASES_FRAUD_RISK
71993480,3,feature_75,-0.0918176532065505,0.7371916770935059,INCREASES_FRAUD_RISK
71993480,4,feature_131,-0.1887158089232799,0.7266353964805603,INCREASES_FRAUD_RISK
71993480,5,feature_126,-0.098994026031791,0.6188029050827026,INCREASES_FRAUD_RISK
71994046,1,feature_89,-0.6942351992761703,1.7773116827011108,INCREASES_FRAUD_RISK
71994046,2,feature_52,-0.4883181502502999,1.5151938199996948,INCREASES_FRAUD_RISK
71994046,3,feature_75,-0.0918176532065505,0.9054296016693115,INCREASES_FRAUD_RISK
71994046,4,feature_131,-0.1887158089232799,0.8256788849830627,INCREASES_FRAUD_RISK
71994046,5,feature_54,-0.4675287088684821,0.46250197291374207,INCREASES_FRAUD_RISK
71994055,1,feature_89,-0.6942351992761703,1.6351866722106934,INCREASES_FRAUD_RISK
71994055,2,feature_52,-0.4883181502502999,1.4414812326431274,INCREASES_FRAUD_RISK
71994055,3,feature_75,-0.0918176532065505,0.7459934949874878,INCREASES_FRAUD_RISK
71994055,4,feature_131,-0.1887158089232799,0.7348435521125793,INCREASES_FRAUD_RISK
71994055,5,feature_126,-0.1294956950866637,0.5077378153800964,INCREASES_FRAUD_RISK
72004593,1,feature_52,-0.4883313082831462,1.238047480583191,INCREASES_FRAUD_RISK
72004593,2,feature_162,-0.1405970785066562,0.6633357405662537,INCREASES_FRAUD_RISK
72004593,3,feature_2,1.018601901343969,0.6514662504196167,INCREASES_FRAUD_RISK
72004593,4,feature_79,-1.4717644946197317,0.44911542534828186,INCREASES_FRAUD_RISK
72004593,5,feature_54,-0.4675438895012608,0.3686560392379761,INCREASES_FRAUD_RISK
72292587,1,feature_89,-0.6942351992761703,1.6187188625335693,INCREASES_FRAUD_RISK
72292587,2,feature_52,-0.4883299953340986,1.5691826343536377,INCREASES_FRAUD_RISK
72292587,3,feature_131,-0.1887158089232799,0.7354444265365601,INCREASES_FRAUD_RISK
72292587,4,feature_75,-0.0884566818944032,0.6478561162948608,INCREASES_FRAUD_RISK
72292587,5,feature_54,-0.4675423747309618,0.47319233417510986,INCREASES_FRAUD_RISK
72294238,1,feature_52,-0.4883356467234773,1.1912994384765625,INCREASES_FRAUD_RISK
72294238,2,feature_162,-0.1405970785066562,0.658739447593689,INCREASES_FRAUD_RISK
72294238,3,feature_126,-0.0949271368244747,0.6398589611053467,INCREASES_FRAUD_RISK
72294238,4,feature_2,1.5735945770991024,0.4437377154827118,INCREASES_FRAUD_RISK
72294238,5,feature_79,-1.4717644946197317,0.381958544254303,INCREASES_FRAUD_RISK
72294265,1,feature_89,-0.6942351992761703,1.5862975120544434,INCREASES_FRAUD_RISK
72294265,2,feature_52,-0.4883356467234773,1.4696698188781738,INCREASES_FRAUD_RISK
72294265,3,feature_131,-0.1887158089232799,0.6786062717437744,INCREASES_FRAUD_RISK
72294265,4,feature_126,-0.0949271368244747,0.6206772327423096,INCREASES_FRAUD_RISK
72294265,5,feature_54,-0.4675488948292051,0.4789811968803406,INCREASES_FRAUD_RISK
72294609,1,feature_89,-0.6942351992761703,1.590941309928894,INCREASES_FRAUD_RISK
72294609,2,feature_52,-0.4883090166917081,1.588478446006775,INCREASES_FRAUD_RISK
72294609,3,feature_131,-0.1887158089232799,0.669837474822998,INCREASES_FRAUD_RISK
72294609,4,feature_54,-0.4675181713359677,0.4717418849468231,INCREASES_FRAUD_RISK
72294609,5,feature_2,1.5735945770991024,0.46913212537765503,INCREASES_FRAUD_RISK
72295072,1,feature_89,-0.6942351992761703,1.6337575912475586,INCREASES_FRAUD_RISK
72295072,2,feature_52,-0.4883299953340986,1.582684874534607,INCREASES_FRAUD_RISK
72295072,3,feature_131,-0.1887158089232799,0.7490896582603455,INCREASES_FRAUD_RISK
72295072,4,feature_75,-0.0884566818944032,0.6469458341598511,INCREASES_FRAUD_RISK
72295072,5,feature_54,-0.4675423747309618,0.4709584712982178,INCREASES_FRAUD_RISK
72295214,1,feature_52,-0.4883163520809521,1.6633487939834595,INCREASES_FRAUD_RISK
72295214,2,feature_89,-0.6942351992761703,1.4034513235092163,INCREASES_FRAUD_RISK
72295214,3,feature_75,-0.0945811185076493,0.7091596722602844,INCREASES_FRAUD_RISK
72295214,4,feature_131,-0.1887158089232799,0.6896422505378723,INCREASES_FRAUD_RISK
72295214,5,feature_160,-0.106714613806669,0.5871562361717224,INCREASES_FRAUD_RISK
72295228,1,feature_52,-0.4883299953340986,1.6251345872879028,INCREASES_FRAUD_RISK
72295228,2,feature_89,-0.6942351992761703,1.6108219623565674,INCREASES_FRAUD_RISK
72295228,3,feature_131,-0.1887158089232799,0.7135967016220093,INCREASES_FRAUD_RISK
72295228,4,feature_75,-0.0884566818944032,0.6687882542610168,INCREASES_FRAUD_RISK
72295228,5,feature_54,-0.4675423747309618,0.46305620670318604,INCREASES_FRAUD_RISK
72295265,1,feature_52,-0.4883163520809521,1.7394702434539795,INCREASES_FRAUD_RISK
72295265,2,feature_89,-0.6942351992761703,1.3437750339508057,INCREASES_FRAUD_RISK
72295265,3,feature_75,-0.0943570537535062,0.7231375575065613,INCREASES_FRAUD_RISK
72295265,4,feature_131,-0.1887158089232799,0.6963866949081421,INCREASES_FRAUD_RISK
72295265,5,feature_160,-0.106714613806669,0.5862363576889038,INCREASES_FRAUD_RISK
72296563,1,feature_52,-0.4883163520809521,1.7025028467178345,INCREASES_FRAUD_RISK
72296563,2,feature_89,-0.6942351992761703,1.5815879106521606,INCREASES_FRAUD_RISK
72296563,3,feature_131,-0.1887158089232799,0.7376481294631958,INCREASES_FRAUD_RISK
72296563,4,feature_75,-0.0884566818944032,0.6695294380187988,INCREASES_FRAUD_RISK
72296563,5,feature_54,-0.4675266342917683,0.4633335769176483,INCREASES_FRAUD_RISK
72297314,1,feature_52,-0.4883299953340986,2.027972459793091,INCREASES_FRAUD_RISK
72297314,2,feature_89,-0.6942351992761703,1.2085233926773071,INCREASES_FRAUD_RISK
72297314,3,feature_54,-0.4675423747309618,0.935875415802002,INCREASES_FRAUD_RISK
72297314,4,feature_131,-0.1887158089232799,0.6083657145500183,INCREASES_FRAUD_RISK
72297314,5,feature_2,1.018601901343969,0.5079278945922852,INCREASES_FRAUD_RISK
72297803,1,feature_52,-0.4882860971681169,1.4172226190567017,INCREASES_FRAUD_RISK
72297803,2,feature_2,1.5735945770991024,0.512934684753418,INCREASES_FRAUD_RISK
72297803,3,feature_54,-0.4674917287153142,0.40716683864593506,INCREASES_FRAUD_RISK
72297803,4,feature_79,-1.4717644946197317,0.2926212251186371,INCREASES_FRAUD_RISK
72297803,5,feature_22,-0.1489121930775936,0.22617903351783752,INCREASES_FRAUD_RISK
72301118,1,feature_52,-0.4883299953340986,1.5948536396026611,INCREASES_FRAUD_RISK
72301118,2,feature_89,-0.6942351992761703,1.1427356004714966,INCREASES_FRAUD_RISK
72301118,3,feature_162,-0.1836705632417872,0.6559463143348694,INCREASES_FRAUD_RISK
72301118,4,feature_160,-0.106714613806669,0.6154912710189819,INCREASES_FRAUD_RISK
72301118,5,feature_126,-0.1294956950866637,0.4763393998146057,INCREASES_FRAUD_RISK
72302236,1,feature_52,-0.4883299953340986,1.4199790954589844,INCREASES_FRAUD_RISK
72302236,2,feature_162,-0.1405970785066562,0.6511212587356567,INCREASES_FRAUD_RISK
72302236,3,feature_126,-0.1050943598427655,0.6438267827033997,INCREASES_FRAUD_RISK
72302236,4,feature_54,-0.4675423747309618,0.41089555621147156,INCREASES_FRAUD_RISK
72302236,5,feature_79,-1.4717644946197317,0.39804258942604065,INCREASES_FRAUD_RISK
72601480,1,feature_52,-0.4882103742589169,2.023120880126953,INCREASES_FRAUD_RISK
72601480,2,feature_89,-0.6942351992761703,1.3595227003097534,INCREASES_FRAUD_RISK
72601480,3,feature_75,-0.0937595477424578,0.6723034381866455,INCREASES_FRAUD_RISK
72601480,4,feature_131,-0.1887158089232799,0.6316537857055664,INCREASES_FRAUD_RISK
72601480,5,feature_126,-0.098994026031791,0.506023108959198,INCREASES_FRAUD_RISK
72601509,1,feature_52,-0.4883214611652894,1.8595658540725708,INCREASES_FRAUD_RISK
72601509,2,feature_89,-0.6942351992761703,1.3838493824005127,INCREASES_FRAUD_RISK
72601509,3,feature_75,-0.0937595477424578,0.7146779298782349,INCREASES_FRAUD_RISK
72601509,4,feature_131,-0.1887158089232799,0.631251871585846,INCREASES_FRAUD_RISK
72601509,5,feature_54,-0.4675325287240186,0.6052976250648499,INCREASES_FRAUD_RISK
72601861,1,feature_52,-0.4883214611652894,1.5217334032058716,INCREASES_FRAUD_RISK
72601861,2,feature_89,-0.6942351992761703,1.4837533235549927,INCREASES_FRAUD_RISK
72601861,3,feature_131,-0.1887158089232799,0.7238925099372864,INCREASES_FRAUD_RISK
72601861,4,feature_75,-0.0937595477424578,0.7159985303878784,INCREASES_FRAUD_RISK
72601861,5,feature_160,-0.106714613806669,0.5410357117652893,INCREASES_FRAUD_RISK
72601867,1,feature_52,-0.4883214611652894,1.5589178800582886,INCREASES_FRAUD_RISK
72601867,2,feature_89,-0.6942351992761703,1.501975417137146,INCREASES_FRAUD_RISK
72601867,3,feature_75,-0.0937595477424578,0.719036340713501,INCREASES_FRAUD_RISK
72601867,4,feature_131,-0.1887158089232799,0.6777297854423523,INCREASES_FRAUD_RISK
72601867,5,feature_160,-0.106714613806669,0.5631305575370789,INCREASES_FRAUD_RISK
72601922,1,feature_52,-0.4883214611652894,1.5500987768173218,INCREASES_FRAUD_RISK
72601922,2,feature_89,-0.6942351992761703,1.2904200553894043,INCREASES_FRAUD_RISK
72601922,3,feature_131,-0.1887158089232799,0.724758505821228,INCREASES_FRAUD_RISK
72601922,4,feature_75,-0.0938342359938388,0.6512012481689453,INCREASES_FRAUD_RISK
72601922,5,feature_160,-0.106714613806669,0.5360430479049683,INCREASES_FRAUD_RISK
72603109,1,feature_52,-0.4883214611652894,1.5734158754348755,INCREASES_FRAUD_RISK
72603109,2,feature_89,-0.6942351992761703,1.37788987159729,INCREASES_FRAUD_RISK
72603109,3,feature_131,-0.1887158089232799,0.7272986769676208,INCREASES_FRAUD_RISK
72603109,4,feature_75,-0.0938342359938388,0.6692440509796143,INCREASES_FRAUD_RISK
72603109,5,feature_160,-0.106714613806669,0.5217422842979431,INCREASES_FRAUD_RISK
72604100,1,feature_52,-0.4883214611652894,1.8690942525863647,INCREASES_FRAUD_RISK
72604100,2,feature_89,-0.6942351992761703,1.3729379177093506,INCREASES_FRAUD_RISK
72604100,3,feature_75,-0.0937595477424578,0.6493260860443115,INCREASES_FRAUD_RISK
72604100,4,feature_54,-0.4675325287240186,0.6315255165100098,INCREASES_FRAUD_RISK
72604100,5,feature_131,-0.1887158089232799,0.6224342584609985,INCREASES_FRAUD_RISK
72628651,1,feature_52,-0.4883214611652894,1.5804431438446045,INCREASES_FRAUD_RISK
72628651,2,feature_89,-0.6942351992761703,1.4778321981430054,INCREASES_FRAUD_RISK
72628651,3,feature_75,-0.0937595477424578,0.7176109552383423,INCREASES_FRAUD_RISK
72628651,4,feature_131,-0.1887158089232799,0.6600607633590698,INCREASES_FRAUD_RISK
72628651,5,feature_160,-0.106714613806669,0.5644423365592957,INCREASES_FRAUD_RISK
72628700,1,feature_89,-0.6942351992761703,1.644385814666748,INCREASES_FRAUD_RISK
72628700,2,feature_52,-0.4883214611652894,1.439074993133545,INCREASES_FRAUD_RISK
72628700,3,feature_75,-0.0949545597645546,0.7182371616363525,INCREASES_FRAUD_RISK
72628700,4,feature_131,-0.1887158089232799,0.7112822532653809,INCREASES_FRAUD_RISK
72628700,5,feature_54,-0.4675325287240186,0.4561188519001007,INCREASES_FRAUD_RISK
72628936,1,feature_52,-0.4883214611652894,1.5322861671447754,INCREASES_FRAUD_RISK
72628936,2,feature_89,-0.6942351992761703,1.4693629741668701,INCREASES_FRAUD_RISK
72628936,3,feature_75,-0.0937595477424578,0.7156099081039429,INCREASES_FRAUD_RISK
72628936,4,feature_131,-0.1887158089232799,0.7024399042129517,INCREASES_FRAUD_RISK
72628936,5,feature_160,-0.106714613806669,0.5399538278579712,INCREASES_FRAUD_RISK
72629365,1,feature_89,-0.6942351992761703,1.5293418169021606,INCREASES_FRAUD_RISK
72629365,2,feature_52,-0.4883214611652894,1.4410285949707031,INCREASES_FRAUD_RISK
72629365,3,feature_131,-0.1887158089232799,0.6922861337661743,INCREASES_FRAUD_RISK
72629365,4,feature_75,-0.0949545597645546,0.6487092971801758,INCREASES_FRAUD_RISK
72629365,5,feature_126,-0.1294956950866637,0.5015503168106079,INCREASES_FRAUD_RISK
72629506,1,feature_52,-0.4883214611652894,1.74881112575531,INCREASES_FRAUD_RISK
72629506,2,feature_89,-0.6942351992761703,1.2436834573745728,INCREASES_FRAUD_RISK
72629506,3,feature_54,-0.4675325287240186,0.6604096293449402,INCREASES_FRAUD_RISK
72629506,4,feature_131,-0.1887158089232799,0.6269056797027588,INCREASES_FRAUD_RISK
72629506,5,feature_126,-0.1294956950866637,0.5516299605369568,INCREASES_FRAUD_RISK
72629711,1,feature_52,-0.4883214611652894,1.558864951133728,INCREASES_FRAUD_RISK
72629711,2,feature_89,-0.6942351992761703,1.2822017669677734,INCREASES_FRAUD_RISK
72629711,3,feature_131,-0.1887158089232799,0.707615852355957,INCREASES_FRAUD_RISK
72629711,4,feature_75,-0.0938342359938388,0.6512540578842163,INCREASES_FRAUD_RISK
72629711,5,feature_160,-0.106714613806669,0.5333850383758545,INCREASES_FRAUD_RISK
72629836,1,feature_52,-0.4883214611652894,1.6022868156433105,INCREASES_FRAUD_RISK
72629836,2,feature_89,-0.6942351992761703,1.4618803262710571,INCREASES_FRAUD_RISK
72629836,3,feature_75,-0.0937595477424578,0.7168499231338501,INCREASES_FRAUD_RISK
72629836,4,feature_131,-0.1887158089232799,0.6748781204223633,INCREASES_FRAUD_RISK
72629836,5,feature_160,-0.106714613806669,0.5391867160797119,INCREASES_FRAUD_RISK
72629945,1,feature_89,-0.6942351992761703,1.572591781616211,INCREASES_FRAUD_RISK
72629945,2,feature_52,-0.4883214611652894,1.482409954071045,INCREASES_FRAUD_RISK
72629945,3,feature_75,-0.0949545597645546,0.7009716033935547,INCREASES_FRAUD_RISK
72629945,4,feature_131,-0.1887158089232799,0.6787946224212646,INCREASES_FRAUD_RISK
72629945,5,feature_54,-0.4675325287240186,0.42491570115089417,INCREASES_FRAUD_RISK
72630340,1,feature_52,-0.4883214611652894,1.2858500480651855,INCREASES_FRAUD_RISK
72630340,2,feature_162,-0.1836705632417872,0.8631551265716553,INCREASES_FRAUD_RISK
72630340,3,feature_160,-0.106714613806669,0.665133535861969,INCREASES_FRAUD_RISK
72630340,4,feature_126,-0.1294956950866637,0.5654224753379822,INCREASES_FRAUD_RISK
72630340,5,feature_2,1.018601901343969,0.42474591732025146,INCREASES_FRAUD_RISK
72630995,1,feature_52,-0.4883214611652894,1.918956995010376,INCREASES_FRAUD_RISK
72630995,2,feature_89,-0.6942351992761703,1.3007700443267822,INCREASES_FRAUD_RISK
72630995,3,feature_75,-0.0938342359938388,0.6894676685333252,INCREASES_FRAUD_RISK
72630995,4,feature_131,-0.1887158089232799,0.6714872717857361,INCREASES_FRAUD_RISK
72630995,5,feature_54,-0.4675325287240186,0.5673676133155823,INCREASES_FRAUD_RISK
72631002,1,feature_52,-0.4883214611652894,1.6805086135864258,INCREASES_FRAUD_RISK
72631002,2,feature_89,-0.6942351992761703,1.52642822265625,INCREASES_FRAUD_RISK
72631002,3,feature_54,-0.4675325287240186,0.6864970326423645,INCREASES_FRAUD_RISK
72631002,4,feature_131,-0.1887158089232799,0.6537574529647827,INCREASES_FRAUD_RISK
72631002,5,feature_75,-0.0949545597645546,0.5784336924552917,INCREASES_FRAUD_RISK
72631010,1,feature_52,-0.4883214611652894,1.6104615926742554,INCREASES_FRAUD_RISK
72631010,2,feature_89,-0.6942351992761703,1.3826076984405518,INCREASES_FRAUD_RISK
72631010,3,feature_131,-0.1887158089232799,0.7269967198371887,INCREASES_FRAUD_RISK
72631010,4,feature_75,-0.0938342359938388,0.6905204057693481,INCREASES_FRAUD_RISK
72631010,5,feature_160,-0.106714613806669,0.5231373906135559,INCREASES_FRAUD_RISK
72631015,1,feature_52,-0.4883214611652894,1.5699877738952637,INCREASES_FRAUD_RISK
72631015,2,feature_89,-0.6942351992761703,1.3594934940338135,INCREASES_FRAUD_RISK
72631015,3,feature_131,-0.1887158089232799,0.6718271970748901,INCREASES_FRAUD_RISK
72631015,4,feature_75,-0.0937595477424578,0.6702444553375244,INCREASES_FRAUD_RISK
72631015,5,feature_126,-0.1294956950866637,0.5351604223251343,INCREASES_FRAUD_RISK
72631022,1,feature_89,-0.6942351992761703,1.6599326133728027,INCREASES_FRAUD_RISK
72631022,2,feature_52,-0.4883214611652894,1.550848126411438,INCREASES_FRAUD_RISK
72631022,3,feature_75,-0.0949545597645546,0.7380322217941284,INCREASES_FRAUD_RISK
72631022,4,feature_131,-0.1887158089232799,0.7036733031272888,INCREASES_FRAUD_RISK
72631022,5,feature_88,-0.7618889615958713,0.47153571248054504,INCREASES_FRAUD_RISK
72631257,1,feature_52,-0.4883214611652894,1.5599364042282104,INCREASES_FRAUD_RISK
72631257,2,feature_89,-0.6942351992761703,1.4818130731582642,INCREASES_FRAUD_RISK
72631257,3,feature_75,-0.0937595477424578,0.7361980676651001,INCREASES_FRAUD_RISK
72631257,4,feature_131,-0.1887158089232799,0.6972653865814209,INCREASES_FRAUD_RISK
72631257,5,feature_160,-0.106714613806669,0.5566282868385315,INCREASES_FRAUD_RISK
72631469,1,feature_89,-0.6942351992761703,1.6894296407699585,INCREASES_FRAUD_RISK
72631469,2,feature_52,-0.4883214611652894,1.4882527589797974,INCREASES_FRAUD_RISK
72631469,3,feature_131,-0.1887158089232799,0.774304211139679,INCREASES_FRAUD_RISK
72631469,4,feature_75,-0.0949545597645546,0.7465425729751587,INCREASES_FRAUD_RISK
72631469,5,feature_88,-0.7618889615958713,0.474467933177948,INCREASES_FRAUD_RISK
72631632,1,feature_52,-0.4883214611652894,1.5854688882827759,INCREASES_FRAUD_RISK
72631632,2,feature_89,-0.6942351992761703,1.5068652629852295,INCREASES_FRAUD_RISK
72631632,3,feature_75,-0.0937595477424578,0.7403537034988403,INCREASES_FRAUD_RISK
72631632,4,feature_131,-0.1887158089232799,0.690409243106842,INCREASES_FRAUD_RISK
72631632,5,feature_160,-0.106714613806669,0.5451099872589111,INCREASES_FRAUD_RISK
72632574,1,feature_52,-0.4883214611652894,1.6148648262023926,INCREASES_FRAUD_RISK
72632574,2,feature_89,-0.6942351992761703,1.3859750032424927,INCREASES_FRAUD_RISK
72632574,3,feature_131,-0.1887158089232799,0.720625638961792,INCREASES_FRAUD_RISK
72632574,4,feature_75,-0.0938342359938388,0.6996010541915894,INCREASES_FRAUD_RISK
72632574,5,feature_160,-0.106714613806669,0.5097478032112122,INCREASES_FRAUD_RISK
72632811,1,feature_52,-0.4883214611652894,1.3969484567642212,INCREASES_FRAUD_RISK
72632811,2,feature_162,-0.1405970785066562,0.736689031124115,INCREASES_FRAUD_RISK
72632811,3,feature_2,1.5735945770991024,0.6280199289321899,INCREASES_FRAUD_RISK
72632811,4,feature_79,-1.4717644946197317,0.39162132143974304,INCREASES_FRAUD_RISK
72632811,5,feature_54,-0.4675325287240186,0.37640541791915894,INCREASES_FRAUD_RISK
72637933,1,feature_52,-0.4883214611652894,1.2092394828796387,INCREASES_FRAUD_RISK
72637933,2,feature_162,-0.1405970785066562,0.7709258794784546,INCREASES_FRAUD_RISK
72637933,3,feature_2,1.5735945770991024,0.5372784733772278,INCREASES_FRAUD_RISK
72637933,4,feature_126,-0.1294956950866637,0.47202903032302856,INCREASES_FRAUD_RISK
72637933,5,feature_54,-0.4675325287240186,0.32567763328552246,INCREASES_FRAUD_RISK
72640345,1,feature_52,-0.4883214611652894,1.3779486417770386,INCREASES_FRAUD_RISK
72640345,2,feature_162,-0.1836705632417872,0.9308392405509949,INCREASES_FRAUD_RISK
72640345,3,feature_160,-0.106714613806669,0.7089465260505676,INCREASES_FRAUD_RISK
72640345,4,feature_2,1.018601901343969,0.5388808846473694,INCREASES_FRAUD_RISK
72640345,5,feature_54,-0.4675325287240186,0.42101502418518066,INCREASES_FRAUD_RISK
72641071,1,feature_52,-0.4883214611652894,1.8088796138763428,INCREASES_FRAUD_RISK
72641071,2,feature_89,-0.6942351992761703,1.4215848445892334,INCREASES_FRAUD_RISK
72641071,3,feature_75,-0.0937595477424578,0.7282521724700928,INCREASES_FRAUD_RISK
72641071,4,feature_131,-0.1887158089232799,0.6599889993667603,INCREASES_FRAUD_RISK
72641071,5,feature_160,-0.106714613806669,0.5644876956939697,INCREASES_FRAUD_RISK
73000085,1,feature_89,-0.6942351992761703,1.464921236038208,INCREASES_FRAUD_RISK
73000085,2,feature_52,-0.488346778248011,1.4523286819458008,INCREASES_FRAUD_RISK
73000085,3,feature_131,-0.1887158089232799,0.7124807238578796,INCREASES_FRAUD_RISK
73000085,4,feature_75,-0.0936101712396957,0.6520756483078003,INCREASES_FRAUD_RISK
73000085,5,feature_126,-0.1050943598427655,0.5744823217391968,INCREASES_FRAUD_RISK
73000655,1,feature_52,-0.488346778248011,1.4555408954620361,INCREASES_FRAUD_RISK
73000655,2,feature_89,-0.6942351992761703,1.45399808883667,INCREASES_FRAUD_RISK
73000655,3,feature_131,-0.1887158089232799,0.712238073348999,INCREASES_FRAUD_RISK
73000655,4,feature_75,-0.0936101712396957,0.6524583101272583,INCREASES_FRAUD_RISK
73000655,5,feature_126,-0.1030609152391074,0.5837491750717163,INCREASES_FRAUD_RISK
73000659,1,feature_52,-0.488346778248011,1.5008935928344727,INCREASES_FRAUD_RISK
73000659,2,feature_89,-0.6942351992761703,1.4364018440246582,INCREASES_FRAUD_RISK
73000659,3,feature_75,-0.0936101712396957,0.701298177242279,INCREASES_FRAUD_RISK
73000659,4,feature_131,-0.1887158089232799,0.6933188438415527,INCREASES_FRAUD_RISK
73000659,5,feature_160,-0.106714613806669,0.5774937272071838,INCREASES_FRAUD_RISK
73000832,1,feature_52,-0.488346778248011,1.4362059831619263,INCREASES_FRAUD_RISK
73000832,2,feature_89,-0.6942351992761703,1.3941221237182617,INCREASES_FRAUD_RISK
73000832,3,feature_131,-0.1887158089232799,0.6763753294944763,INCREASES_FRAUD_RISK
73000832,4,feature_75,-0.0936101712396957,0.6722977757453918,INCREASES_FRAUD_RISK
73000832,5,feature_160,-0.106714613806669,0.566143274307251,INCREASES_FRAUD_RISK
73000840,1,feature_52,-0.4882279278168355,1.8504655361175537,INCREASES_FRAUD_RISK
73000840,2,feature_89,-0.6942351992761703,1.257143497467041,INCREASES_FRAUD_RISK
73000840,3,feature_131,-0.1887158089232799,0.6330961585044861,INCREASES_FRAUD_RISK
73000840,4,feature_75,-0.0936101712396957,0.5384756922721863,INCREASES_FRAUD_RISK
73000840,5,feature_160,-0.106714613806669,0.4855068624019623,INCREASES_FRAUD_RISK
73000845,1,feature_89,-0.6942351992761703,1.4369865655899048,INCREASES_FRAUD_RISK
73000845,2,feature_52,-0.488346778248011,1.3977185487747192,INCREASES_FRAUD_RISK
73000845,3,feature_131,-0.1887158089232799,0.6885042786598206,INCREASES_FRAUD_RISK
73000845,4,feature_75,-0.0936101712396957,0.6708009839057922,INCREASES_FRAUD_RISK
73000845,5,feature_160,-0.106714613806669,0.5736703276634216,INCREASES_FRAUD_RISK
73000853,1,feature_52,-0.488346778248011,1.7842867374420166,INCREASES_FRAUD_RISK
73000853,2,feature_89,-0.6942351992761703,1.4083110094070435,INCREASES_FRAUD_RISK
73000853,3,feature_75,-0.0936101712396957,0.7042204737663269,INCREASES_FRAUD_RISK
73000853,4,feature_131,-0.1887158089232799,0.6608415246009827,INCREASES_FRAUD_RISK
73000853,5,feature_160,-0.106714613806669,0.5928141474723816,INCREASES_FRAUD_RISK
73001042,1,feature_52,-0.488346778248011,1.5127499103546143,INCREASES_FRAUD_RISK
73001042,2,feature_89,-0.6942351992761703,1.4414479732513428,INCREASES_FRAUD_RISK
73001042,3,feature_131,-0.1887158089232799,0.7040982246398926,INCREASES_FRAUD_RISK
73001042,4,feature_75,-0.0936101712396957,0.703045666217804,INCREASES_FRAUD_RISK
73001042,5,feature_160,-0.106714613806669,0.5841953158378601,INCREASES_FRAUD_RISK
73001046,1,feature_89,-0.6942351992761703,1.4740488529205322,INCREASES_FRAUD_RISK
73001046,2,feature_52,-0.488346778248011,1.457536220550537,INCREASES_FRAUD_RISK
73001046,3,feature_131,-0.1887158089232799,0.7115082144737244,INCREASES_FRAUD_RISK
73001046,4,feature_75,-0.0936101712396957,0.7005200982093811,INCREASES_FRAUD_RISK
73001046,5,feature_160,-0.106714613806669,0.5834294557571411,INCREASES_FRAUD_RISK
73001401,1,feature_89,-0.6942351992761703,1.4535818099975586,INCREASES_FRAUD_RISK
73001401,2,feature_52,-0.488346778248011,1.4512676000595093,INCREASES_FRAUD_RISK
73001401,3,feature_131,-0.1887158089232799,0.7108108401298523,INCREASES_FRAUD_RISK
73001401,4,feature_75,-0.0936101712396957,0.6522321701049805,INCREASES_FRAUD_RISK
73001401,5,feature_126,-0.1050943598427655,0.617686927318573,INCREASES_FRAUD_RISK
73001461,1,feature_52,-0.488346778248011,1.4817640781402588,INCREASES_FRAUD_RISK
73001461,2,feature_89,-0.6942351992761703,1.449013590812683,INCREASES_FRAUD_RISK
73001461,3,feature_131,-0.1887158089232799,0.7116103768348694,INCREASES_FRAUD_RISK
73001461,4,feature_75,-0.0936101712396957,0.6567538976669312,INCREASES_FRAUD_RISK
73001461,5,feature_126,-0.1050943598427655,0.5541927218437195,INCREASES_FRAUD_RISK
73001620,1,feature_52,-0.488346778248011,1.5282785892486572,INCREASES_FRAUD_RISK
73001620,2,feature_89,-0.6942351992761703,1.4035391807556152,INCREASES_FRAUD_RISK
73001620,3,feature_131,-0.1887158089232799,0.660293459892273,INCREASES_FRAUD_RISK
73001620,4,feature_75,-0.0936101712396957,0.6558470726013184,INCREASES_FRAUD_RISK
73001620,5,feature_126,-0.1071278044464237,0.5692885518074036,INCREASES_FRAUD_RISK
73001623,1,feature_89,-0.6942351992761703,1.465934157371521,INCREASES_FRAUD_RISK
73001623,2,feature_52,-0.488346778248011,1.4566943645477295,INCREASES_FRAUD_RISK
73001623,3,feature_131,-0.1887158089232799,0.7035483717918396,INCREASES_FRAUD_RISK
73001623,4,feature_75,-0.0936101712396957,0.6983107924461365,INCREASES_FRAUD_RISK
73001623,5,feature_160,-0.106714613806669,0.5723586678504944,INCREASES_FRAUD_RISK
73001655,1,feature_52,-0.488346778248011,1.4760383367538452,INCREASES_FRAUD_RISK
73001655,2,feature_89,-0.6942351992761703,1.4271587133407593,INCREASES_FRAUD_RISK
73001655,3,feature_131,-0.1887158089232799,0.6762376427650452,INCREASES_FRAUD_RISK
73001655,4,feature_75,-0.0936101712396957,0.6524479389190674,INCREASES_FRAUD_RISK
73001655,5,feature_126,-0.0847599138061838,0.5964354276657104,INCREASES_FRAUD_RISK
73002476,1,feature_89,-0.6942351992761703,1.4626519680023193,INCREASES_FRAUD_RISK
73002476,2,feature_52,-0.488346778248011,1.4530391693115234,INCREASES_FRAUD_RISK
73002476,3,feature_131,-0.1887158089232799,0.7123945951461792,INCREASES_FRAUD_RISK
73002476,4,feature_75,-0.0936101712396957,0.7007794976234436,INCREASES_FRAUD_RISK
73002476,5,feature_160,-0.106714613806669,0.5832515954971313,INCREASES_FRAUD_RISK
73002538,1,feature_52,-0.488346778248011,1.4735623598098755,INCREASES_FRAUD_RISK
73002538,2,feature_89,-0.6942351992761703,1.4564027786254883,INCREASES_FRAUD_RISK
73002538,3,feature_131,-0.1887158089232799,0.6773006916046143,INCREASES_FRAUD_RISK
73002538,4,feature_75,-0.0936101712396957,0.6530163288116455,INCREASES_FRAUD_RISK
73002538,5,feature_126,-0.1091612490500819,0.5783089995384216,INCREASES_FRAUD_RISK
73002816,1,feature_52,-0.488346778248011,1.8173582553863525,INCREASES_FRAUD_RISK
73002816,2,feature_89,-0.6942351992761703,1.3581576347351074,INCREASES_FRAUD_RISK
73002816,3,feature_131,-0.1887158089232799,0.6736401319503784,INCREASES_FRAUD_RISK
73002816,4,feature_54,-0.4675617374469571,0.5852468013763428,INCREASES_FRAUD_RISK
73002816,5,feature_75,-0.0936101712396957,0.5759243369102478,INCREASES_FRAUD_RISK
73002915,1,feature_89,-0.6942351992761703,1.657690405845642,INCREASES_FRAUD_RISK
73002915,2,feature_52,-0.488346778248011,1.479598879814148,INCREASES_FRAUD_RISK
73002915,3,feature_131,-0.1887158089232799,0.7113372683525085,INCREASES_FRAUD_RISK
73002915,4,feature_75,-0.0950292480159356,0.6777363419532776,INCREASES_FRAUD_RISK
73002915,5,feature_2,1.5735945770991024,0.40048953890800476,INCREASES_FRAUD_RISK
73003335,1,feature_52,-0.488346778248011,1.492255687713623,INCREASES_FRAUD_RISK
73003335,2,feature_89,-0.6942351992761703,1.4552621841430664,INCREASES_FRAUD_RISK
73003335,3,feature_131,-0.1887158089232799,0.711448073387146,INCREASES_FRAUD_RISK
73003335,4,feature_75,-0.0936101712396957,0.6745673418045044,INCREASES_FRAUD_RISK
73003335,5,feature_126,-0.1030609152391074,0.5628193616867065,INCREASES_FRAUD_RISK
73003343,1,feature_52,-0.488346778248011,1.4656448364257812,INCREASES_FRAUD_RISK
73003343,2,feature_89,-0.6942351992761703,1.4545222520828247,INCREASES_FRAUD_RISK
73003343,3,feature_75,-0.0936101712396957,0.704084575176239,INCREASES_FRAUD_RISK
73003343,4,feature_131,-0.1887158089232799,0.6968130469322205,INCREASES_FRAUD_RISK
73003343,5,feature_160,-0.106714613806669,0.5786616206169128,INCREASES_FRAUD_RISK
73003348,1,feature_52,-0.488346778248011,1.531516671180725,INCREASES_FRAUD_RISK
73003348,2,feature_89,-0.6942351992761703,1.4853663444519043,INCREASES_FRAUD_RISK
73003348,3,feature_75,-0.0936101712396957,0.7263131737709045,INCREASES_FRAUD_RISK
73003348,4,feature_131,-0.1887158089232799,0.7017324566841125,INCREASES_FRAUD_RISK
73003348,5,feature_160,-0.106714613806669,0.6012040972709656,INCREASES_FRAUD_RISK
73003525,1,feature_52,-0.488346778248011,1.8348203897476196,INCREASES_FRAUD_RISK
73003525,2,feature_89,-0.6942351992761703,1.3624179363250732,INCREASES_FRAUD_RISK
73003525,3,feature_131,-0.1887158089232799,0.6660396456718445,INCREASES_FRAUD_RISK
73003525,4,feature_54,-0.4675617374469571,0.5974292159080505,INCREASES_FRAUD_RISK
73003525,5,feature_75,-0.0936101712396957,0.5970107913017273,INCREASES_FRAUD_RISK
73003591,1,feature_52,-0.488346778248011,1.4109047651290894,INCREASES_FRAUD_RISK
73003591,2,feature_162,-0.1836705632417872,0.8101741075515747,INCREASES_FRAUD_RISK
73003591,3,feature_160,-0.106714613806669,0.6361890435218811,INCREASES_FRAUD_RISK
73003591,4,feature_2,1.5735945770991024,0.5102680325508118,INCREASES_FRAUD_RISK
73003591,5,feature_126,-0.1111946936537401,0.4805103838443756,INCREASES_FRAUD_RISK
73003879,1,feature_89,-0.6942351992761703,1.5888524055480957,INCREASES_FRAUD_RISK
73003879,2,feature_52,-0.488346778248011,1.5439893007278442,INCREASES_FRAUD_RISK
73003879,3,feature_75,-0.0950292480159356,0.7048918008804321,INCREASES_FRAUD_RISK
73003879,4,feature_131,-0.1887158089232799,0.6800327897071838,INCREASES_FRAUD_RISK
73003879,5,feature_2,1.018601901343969,0.456060528755188,INCREASES_FRAUD_RISK
73003883,1,feature_52,-0.488346778248011,1.5254020690917969,INCREASES_FRAUD_RISK
73003883,2,feature_89,-0.6942351992761703,1.4671224355697632,INCREASES_FRAUD_RISK
73003883,3,feature_75,-0.0936101712396957,0.7266337275505066,INCREASES_FRAUD_RISK
73003883,4,feature_131,-0.1887158089232799,0.7011348605155945,INCREASES_FRAUD_RISK
73003883,5,feature_160,-0.106714613806669,0.5862541794776917,INCREASES_FRAUD_RISK
73003888,1,feature_52,-0.488346778248011,1.804338812828064,INCREASES_FRAUD_RISK
73003888,2,feature_89,-0.6942351992761703,1.4184130430221558,INCREASES_FRAUD_RISK
73003888,3,feature_75,-0.0936101712396957,0.7407382130622864,INCREASES_FRAUD_RISK
73003888,4,feature_131,-0.1887158089232799,0.7323245406150818,INCREASES_FRAUD_RISK
73003888,5,feature_160,-0.106714613806669,0.5980472564697266,INCREASES_FRAUD_RISK
73004404,1,feature_52,-0.488346778248011,1.641965389251709,INCREASES_FRAUD_RISK
73004404,2,feature_89,-0.6942351992761703,1.4949061870574951,INCREASES_FRAUD_RISK
73004404,3,feature_75,-0.0936101712396957,0.8293151259422302,INCREASES_FRAUD_RISK
73004404,4,feature_131,-0.1887158089232799,0.7228603363037109,INCREASES_FRAUD_RISK
73004404,5,feature_160,-0.106714613806669,0.5797682404518127,INCREASES_FRAUD_RISK
73007033,1,feature_52,-0.488346778248011,1.8994054794311523,INCREASES_FRAUD_RISK
73007033,2,feature_89,-0.6942351992761703,1.5026583671569824,INCREASES_FRAUD_RISK
73007033,3,feature_131,-0.1887158089232799,0.6891976594924927,INCREASES_FRAUD_RISK
73007033,4,feature_75,-0.0950292480159356,0.6854623556137085,INCREASES_FRAUD_RISK
73007033,5,feature_54,-0.4675617374469571,0.4326533079147339,INCREASES_FRAUD_RISK
73010759,1,feature_52,-0.488346778248011,1.596479892730713,INCREASES_FRAUD_RISK
73010759,2,feature_89,-0.6942351992761703,1.5025601387023926,INCREASES_FRAUD_RISK
73010759,3,feature_131,-0.1887158089232799,0.5782434344291687,INCREASES_FRAUD_RISK
73010759,4,feature_75,-0.0950292480159356,0.5672096014022827,INCREASES_FRAUD_RISK
73010759,5,feature_126,-0.0359572433183876,0.3840956687927246,INCREASES_FRAUD_RISK
73156131,1,feature_52,-0.488346778248011,2.056169271469116,INCREASES_FRAUD_RISK
73156131,2,feature_162,-0.1405970785066562,0.8655884861946106,INCREASES_FRAUD_RISK
73156131,3,feature_54,-0.4675617374469571,0.729754626750946,INCREASES_FRAUD_RISK
73156131,4,feature_2,1.018601901343969,0.7045695781707764,INCREASES_FRAUD_RISK
73156131,5,feature_137,0.8502992217424993,0.48110586404800415,INCREASES_FRAUD_RISK
73161180,1,feature_89,-0.6942351992761703,1.6668784618377686,INCREASES_FRAUD_RISK
73161180,2,feature_52,-0.4883526008916132,1.4165321588516235,INCREASES_FRAUD_RISK
73161180,3,feature_131,-0.1887158089232799,0.8171173334121704,INCREASES_FRAUD_RISK
73161180,4,feature_75,-0.0918176532065505,0.7233456373214722,INCREASES_FRAUD_RISK
73161180,5,feature_126,-0.1010274706354492,0.6238842606544495,INCREASES_FRAUD_RISK
73218878,1,feature_52,-0.4883126415727742,1.6565302610397339,INCREASES_FRAUD_RISK
73218878,2,feature_89,-0.6942351992761703,1.374944806098938,INCREASES_FRAUD_RISK
73218878,3,feature_131,-0.1887158089232799,0.7480677366256714,INCREASES_FRAUD_RISK
73218878,4,feature_75,-0.0938342359938388,0.6920903921127319,INCREASES_FRAUD_RISK
73218878,5,feature_160,-0.106714613806669,0.541724443435669,INCREASES_FRAUD_RISK
73218886,1,feature_52,-0.4881765230073861,1.7168463468551636,INCREASES_FRAUD_RISK
73218886,2,feature_89,-0.6942351992761703,1.5540035963058472,INCREASES_FRAUD_RISK
73218886,3,feature_131,-0.1887158089232799,0.7157502174377441,INCREASES_FRAUD_RISK
73218886,4,feature_75,-0.0938342359938388,0.7127725481987,INCREASES_FRAUD_RISK
73218886,5,feature_2,1.5735945770991024,0.48008009791374207,INCREASES_FRAUD_RISK
73218903,1,feature_89,-0.6942351992761703,1.6100971698760986,INCREASES_FRAUD_RISK
73218903,2,feature_52,-0.4883126415727742,1.5686898231506348,INCREASES_FRAUD_RISK
73218903,3,feature_131,-0.1887158089232799,0.7218433022499084,INCREASES_FRAUD_RISK
73218903,4,feature_75,-0.0938342359938388,0.7072966694831848,INCREASES_FRAUD_RISK
73218903,5,feature_2,1.5735945770991024,0.5006411075592041,INCREASES_FRAUD_RISK
73218914,1,feature_52,-0.4882529880182216,1.6489171981811523,INCREASES_FRAUD_RISK
73218914,2,feature_89,-0.6942351992761703,1.5869228839874268,INCREASES_FRAUD_RISK
73218914,3,feature_131,-0.1887158089232799,0.7660483121871948,INCREASES_FRAUD_RISK
73218914,4,feature_75,-0.0938342359938388,0.7247744202613831,INCREASES_FRAUD_RISK
73218914,5,feature_2,1.5735945770991024,0.4728834331035614,INCREASES_FRAUD_RISK
73218919,1,feature_52,-0.4883126415727742,1.6028327941894531,INCREASES_FRAUD_RISK
73218919,2,feature_89,-0.6942351992761703,1.4312583208084106,INCREASES_FRAUD_RISK
73218919,3,feature_75,-0.0938342359938388,0.7343414425849915,INCREASES_FRAUD_RISK
73218919,4,feature_131,-0.1887158089232799,0.704698383808136,INCREASES_FRAUD_RISK
73218919,5,feature_160,-0.106714613806669,0.5675051808357239,INCREASES_FRAUD_RISK
73218944,1,feature_89,-0.6942351992761703,1.6249935626983643,INCREASES_FRAUD_RISK
73218944,2,feature_52,-0.4883126415727742,1.5232279300689697,INCREASES_FRAUD_RISK
73218944,3,feature_131,-0.1887158089232799,0.738351583480835,INCREASES_FRAUD_RISK
73218944,4,feature_75,-0.0938342359938388,0.7199798226356506,INCREASES_FRAUD_RISK
73218944,5,feature_54,-0.4675223534191843,0.47526243329048157,INCREASES_FRAUD_RISK
73218947,1,feature_89,-0.6942351992761703,1.6125544309616089,INCREASES_FRAUD_RISK
73218947,2,feature_52,-0.4883126415727742,1.5655393600463867,INCREASES_FRAUD_RISK
73218947,3,feature_131,-0.1887158089232799,0.7307289242744446,INCREASES_FRAUD_RISK
73218947,4,feature_75,-0.0938342359938388,0.7063230872154236,INCREASES_FRAUD_RISK
73218947,5,feature_2,1.5735945770991024,0.49464914202690125,INCREASES_FRAUD_RISK
73218974,1,feature_52,-0.4882103742589169,2.110645055770874,INCREASES_FRAUD_RISK
73218974,2,feature_89,-0.6942351992761703,1.25542414188385,INCREASES_FRAUD_RISK
73218974,3,feature_131,-0.1887158089232799,0.6747379899024963,INCREASES_FRAUD_RISK
73218974,4,feature_75,-0.0938342359938388,0.6148232221603394,INCREASES_FRAUD_RISK
73218974,5,feature_160,-0.106714613806669,0.5103000402450562,INCREASES_FRAUD_RISK
73218990,1,feature_89,-0.6942351992761703,1.6492148637771606,INCREASES_FRAUD_RISK
73218990,2,feature_52,-0.4883126415727742,1.4953731298446655,INCREASES_FRAUD_RISK
73218990,3,feature_131,-0.1887158089232799,0.7102807760238647,INCREASES_FRAUD_RISK
73218990,4,feature_54,-0.4675223534191843,0.47277817130088806,INCREASES_FRAUD_RISK
73218990,5,feature_2,1.5735945770991024,0.42955848574638367,INCREASES_FRAUD_RISK
73219228,1,feature_52,-0.4883126415727742,1.6505272388458252,INCREASES_FRAUD_RISK
73219228,2,feature_89,-0.6942351992761703,1.372371792793274,INCREASES_FRAUD_RISK
73219228,3,feature_131,-0.1887158089232799,0.7388752102851868,INCREASES_FRAUD_RISK
73219228,4,feature_75,-0.0938342359938388,0.6929439306259155,INCREASES_FRAUD_RISK
73219228,5,feature_160,-0.106714613806669,0.5429392457008362,INCREASES_FRAUD_RISK
73219265,1,feature_52,-0.4882529880182216,1.6826132535934448,INCREASES_FRAUD_RISK
73219265,2,feature_89,-0.6942351992761703,1.5852220058441162,INCREASES_FRAUD_RISK
73219265,3,feature_131,-0.1887158089232799,0.7226536273956299,INCREASES_FRAUD_RISK
73219265,4,feature_75,-0.0934607947369336,0.6900660395622253,INCREASES_FRAUD_RISK
73219265,5,feature_54,-0.4674535301599493,0.46369409561157227,INCREASES_FRAUD_RISK
73219430,1,feature_89,-0.6942351992761703,1.6319341659545898,INCREASES_FRAUD_RISK
73219430,2,feature_52,-0.4883126415727742,1.5715978145599365,INCREASES_FRAUD_RISK
73219430,3,feature_131,-0.1887158089232799,0.7451517581939697,INCREASES_FRAUD_RISK
73219430,4,feature_75,-0.0703821250601892,0.6668849587440491,INCREASES_FRAUD_RISK
73219430,5,feature_54,-0.4675223534191843,0.47598913311958313,INCREASES_FRAUD_RISK
73219643,1,feature_89,-0.6942351992761703,1.5860817432403564,INCREASES_FRAUD_RISK
73219643,2,feature_52,-0.4883126415727742,1.534355640411377,INCREASES_FRAUD_RISK
73219643,3,feature_131,-0.1887158089232799,0.7563245296478271,INCREASES_FRAUD_RISK
73219643,4,feature_75,-0.0938342359938388,0.6762469410896301,INCREASES_FRAUD_RISK
73219643,5,feature_126,-0.098994026031791,0.6199355721473694,INCREASES_FRAUD_RISK
73219647,1,feature_52,-0.4883126415727742,1.6254470348358154,INCREASES_FRAUD_RISK
73219647,2,feature_89,-0.6942351992761703,1.4060463905334473,INCREASES_FRAUD_RISK
73219647,3,feature_131,-0.1887158089232799,0.7163519859313965,INCREASES_FRAUD_RISK
73219647,4,feature_75,-0.0938342359938388,0.699167788028717,INCREASES_FRAUD_RISK
73219647,5,feature_160,-0.106714613806669,0.5879432559013367,INCREASES_FRAUD_RISK
73219656,1,feature_52,-0.4883126415727742,1.4962466955184937,INCREASES_FRAUD_RISK
73219656,2,feature_162,-0.1836705632417872,0.7971629500389099,INCREASES_FRAUD_RISK
73219656,3,feature_160,-0.106714613806669,0.6735767722129822,INCREASES_FRAUD_RISK
73219656,4,feature_2,1.5735945770991024,0.534957766532898,INCREASES_FRAUD_RISK
73219656,5,feature_54,-0.4675223534191843,0.4197002947330475,INCREASES_FRAUD_RISK
73219836,1,feature_52,-0.4883126415727742,1.9381945133209229,INCREASES_FRAUD_RISK
73219836,2,feature_89,-0.6942351992761703,1.3340892791748047,INCREASES_FRAUD_RISK
73219836,3,feature_75,-0.0938342359938388,0.7304661870002747,INCREASES_FRAUD_RISK
73219836,4,feature_131,-0.1887158089232799,0.6729761362075806,INCREASES_FRAUD_RISK
73219836,5,feature_54,-0.4675223534191843,0.6249604225158691,INCREASES_FRAUD_RISK
73220317,1,feature_52,-0.4883126415727742,1.6144239902496338,INCREASES_FRAUD_RISK
73220317,2,feature_89,-0.6942351992761703,1.5404284000396729,INCREASES_FRAUD_RISK
73220317,3,feature_131,-0.1887158089232799,0.6935557126998901,INCREASES_FRAUD_RISK
73220317,4,feature_75,-0.0703821250601892,0.6249814629554749,INCREASES_FRAUD_RISK
73220317,5,feature_126,-0.1030609152391074,0.6209623217582703,INCREASES_FRAUD_RISK
73220428,1,feature_52,-0.4883126415727742,1.5911312103271484,INCREASES_FRAUD_RISK
73220428,2,feature_89,-0.6942351992761703,1.5400090217590332,INCREASES_FRAUD_RISK
73220428,3,feature_131,-0.1887158089232799,0.6994745135307312,INCREASES_FRAUD_RISK
73220428,4,feature_126,-0.1010274706354492,0.6651056408882141,INCREASES_FRAUD_RISK
73220428,5,feature_54,-0.4675223534191843,0.4834282398223877,INCREASES_FRAUD_RISK
73220440,1,feature_52,-0.4883126415727742,1.4270538091659546,INCREASES_FRAUD_RISK
73220440,2,feature_71,-0.0175512689061499,1.1841058731079102,INCREASES_FRAUD_RISK
73220440,3,feature_162,-0.1836705632417872,1.0024996995925903,INCREASES_FRAUD_RISK
73220440,4,feature_131,-0.1887158089232799,0.7411119341850281,INCREASES_FRAUD_RISK
73220440,5,feature_160,-0.106714613806669,0.5957412123680115,INCREASES_FRAUD_RISK
73220620,1,feature_89,-0.6942351992761703,1.5843902826309204,INCREASES_FRAUD_RISK
73220620,2,feature_52,-0.4883126415727742,1.5474722385406494,INCREASES_FRAUD_RISK
73220620,3,feature_131,-0.1887158089232799,0.7593001127243042,INCREASES_FRAUD_RISK
73220620,4,feature_75,-0.0938342359938388,0.6755132079124451,INCREASES_FRAUD_RISK
73220620,5,feature_126,-0.1050943598427655,0.4875131845474243,INCREASES_FRAUD_RISK
73220626,1,feature_52,-0.4883126415727742,1.6462619304656982,INCREASES_FRAUD_RISK
73220626,2,feature_89,-0.6942351992761703,1.3374691009521484,INCREASES_FRAUD_RISK
73220626,3,feature_131,-0.1887158089232799,0.6615426540374756,INCREASES_FRAUD_RISK
73220626,4,feature_160,-0.106714613806669,0.5454375147819519,INCREASES_FRAUD_RISK
73220626,5,feature_54,-0.4675223534191843,0.511981189250946,INCREASES_FRAUD_RISK
73222345,1,feature_52,-0.4883126415727742,1.9945660829544067,INCREASES_FRAUD_RISK
73222345,2,feature_89,-0.6942351992761703,1.2979170083999634,INCREASES_FRAUD_RISK
73222345,3,feature_75,-0.0938342359938388,0.7147497534751892,INCREASES_FRAUD_RISK
73222345,4,feature_131,-0.1887158089232799,0.6895070672035217,INCREASES_FRAUD_RISK
73222345,5,feature_54,-0.4675223534191843,0.6370424628257751,INCREASES_FRAUD_RISK
73223960,1,feature_52,-0.4883126415727742,1.6095441579818726,INCREASES_FRAUD_RISK
73223960,2,feature_89,-0.6942351992761703,1.1900140047073364,INCREASES_FRAUD_RISK
73223960,3,feature_131,-0.1887158089232799,0.677055299282074,INCREASES_FRAUD_RISK
73223960,4,feature_160,-0.125939071503188,0.5875371098518372,INCREASES_FRAUD_RISK
73223960,5,feature_54,-0.4675223534191843,0.484065443277359,INCREASES_FRAUD_RISK
73223970,1,feature_52,-0.4883126415727742,1.4140843152999878,INCREASES_FRAUD_RISK
73223970,2,feature_162,-0.1836705632417872,0.9528939723968506,INCREASES_FRAUD_RISK
73223970,3,feature_160,-0.106714613806669,0.6103436350822449,INCREASES_FRAUD_RISK
73223970,4,feature_2,1.5735945770991024,0.5119598507881165,INCREASES_FRAUD_RISK
73223970,5,feature_54,-0.4675223534191843,0.40680912137031555,INCREASES_FRAUD_RISK
73223974,1,feature_52,-0.4883126415727742,1.5909754037857056,INCREASES_FRAUD_RISK
73223974,2,feature_89,-0.6942351992761703,1.5895200967788696,INCREASES_FRAUD_RISK
73223974,3,feature_131,-0.1887158089232799,0.7580320239067078,INCREASES_FRAUD_RISK
73223974,4,feature_75,-0.0938342359938388,0.7007234692573547,INCREASES_FRAUD_RISK
73223974,5,feature_126,-0.1010274706354492,0.6512672305107117,INCREASES_FRAUD_RISK
73224307,1,feature_52,-0.4883126415727742,1.1070526838302612,INCREASES_FRAUD_RISK
73224307,2,feature_126,-0.1071278044464237,0.6816248893737793,INCREASES_FRAUD_RISK
73224307,3,feature_2,1.018601901343969,0.44344469904899597,INCREASES_FRAUD_RISK
73224307,4,feature_137,-0.269527552396241,0.3536286950111389,INCREASES_FRAUD_RISK
73224307,5,feature_54,-0.4675223534191843,0.3415198028087616,INCREASES_FRAUD_RISK
73231155,1,feature_89,-0.6942351992761703,1.7424384355545044,INCREASES_FRAUD_RISK
73231155,2,feature_52,-0.4883126415727742,1.5807658433914185,INCREASES_FRAUD_RISK
73231155,3,feature_75,-0.0938342359938388,0.8775849938392639,INCREASES_FRAUD_RISK
73231155,4,feature_131,-0.1887158089232799,0.7611850500106812,INCREASES_FRAUD_RISK
73231155,5,feature_54,-0.4675223534191843,0.46812012791633606,INCREASES_FRAUD_RISK
73236121,1,feature_52,-0.4881765230073861,2.123135805130005,INCREASES_FRAUD_RISK
73236121,2,feature_89,-0.6942351992761703,1.2681807279586792,INCREASES_FRAUD_RISK
73236121,3,feature_131,-0.1887158089232799,0.6490981578826904,INCREASES_FRAUD_RISK
73236121,4,feature_75,-0.0948798715131735,0.5944526195526123,INCREASES_FRAUD_RISK
73236121,5,feature_160,-0.106714613806669,0.524960994720459,INCREASES_FRAUD_RISK
73236946,1,feature_52,-0.4883126415727742,1.926948070526123,INCREASES_FRAUD_RISK
73236946,2,feature_89,-0.694219082664999,0.9076865911483765,INCREASES_FRAUD_RISK
73236946,3,feature_162,-0.1836705632417872,0.6798427700996399,INCREASES_FRAUD_RISK
73236946,4,feature_160,-0.106714613806669,0.5507913827896118,INCREASES_FRAUD_RISK
73236946,5,feature_54,-0.4675223534191843,0.4975864291191101,INCREASES_FRAUD_RISK
73280777,1,feature_52,-0.4877179612813376,1.8638659715652466,INCREASES_FRAUD_RISK
73280777,2,feature_89,-0.6942351992761703,1.4731109142303467,INCREASES_FRAUD_RISK
73280777,3,feature_131,-0.1887158089232799,0.6747828125953674,INCREASES_FRAUD_RISK
73280777,4,feature_75,-0.0920417179606936,0.5905982255935669,INCREASES_FRAUD_RISK
73280777,5,feature_88,-0.7619039629472668,0.4956892430782318,INCREASES_FRAUD_RISK
73316302,1,feature_52,-0.4882103742589169,1.640829086303711,INCREASES_FRAUD_RISK
73316302,2,feature_71,-0.0176217139999604,1.0860103368759155,INCREASES_FRAUD_RISK
73316302,3,feature_162,-0.1405970785066562,0.8185760974884033,INCREASES_FRAUD_RISK
73316302,4,feature_2,1.018601901343969,0.699045717716217,INCREASES_FRAUD_RISK
73316302,5,feature_57,-0.039151030549827,0.41190364956855774,INCREASES_FRAUD_RISK
73404067,1,feature_89,-0.6942351992761703,1.334792971611023,INCREASES_FRAUD_RISK
73404067,2,feature_126,-0.1294956950866637,0.7088873386383057,INCREASES_FRAUD_RISK
73404067,3,feature_75,-0.0920417179606936,0.5985376834869385,INCREASES_FRAUD_RISK
73404067,4,feature_131,-0.1887158089232799,0.5733232498168945,INCREASES_FRAUD_RISK
73404067,5,feature_88,-0.7619039629472668,0.45374831557273865,INCREASES_FRAUD_RISK
73406391,1,feature_52,-0.4882431979851061,1.7501096725463867,INCREASES_FRAUD_RISK
73406391,2,feature_89,-0.6942351992761703,1.4592570066452026,INCREASES_FRAUD_RISK
73406391,3,feature_131,-0.1887158089232799,0.6611457467079163,INCREASES_FRAUD_RISK
73406391,4,feature_75,-0.0920417179606936,0.6504462957382202,INCREASES_FRAUD_RISK
73406391,5,feature_126,-0.1294956950866637,0.49924910068511963,INCREASES_FRAUD_RISK
74195778,1,feature_52,-0.4883379586554958,1.1680892705917358,INCREASES_FRAUD_RISK
74195778,2,feature_162,-0.1405970785066562,0.7623981237411499,INCREASES_FRAUD_RISK
74195778,3,feature_2,1.018601901343969,0.6720739603042603,INCREASES_FRAUD_RISK
74195778,4,feature_137,0.0736285444343946,0.5146247744560242,INCREASES_FRAUD_RISK
74195778,5,feature_54,-0.4675515621421228,0.39617618918418884,INCREASES_FRAUD_RISK
75078587,1,feature_89,-0.6942351992761703,1.0545082092285156,INCREASES_FRAUD_RISK
75078587,2,feature_126,-0.0816975462330746,0.8028762936592102,INCREASES_FRAUD_RISK
75078587,3,feature_131,-0.1887158089232799,0.6617156267166138,INCREASES_FRAUD_RISK
75078587,4,feature_2,2.683579928609369,0.45439544320106506,INCREASES_FRAUD_RISK
75078587,5,feature_15,0.1298935182887439,0.3380460739135742,INCREASES_FRAUD_RISK
87732051,1,feature_52,-0.488280245982144,1.2205493450164795,INCREASES_FRAUD_RISK
87732051,2,feature_162,-0.1405970785066562,0.7443662285804749,INCREASES_FRAUD_RISK
87732051,3,feature_54,-0.4674859111192385,0.6153604984283447,INCREASES_FRAUD_RISK
87732051,4,feature_2,1.018601901343969,0.5422922372817993,INCREASES_FRAUD_RISK
87732051,5,feature_15,-0.0564879265177035,0.27335017919540405,INCREASES_FRAUD_RISK
94596675,1,feature_52,-0.4883449515362926,1.7751920223236084,INCREASES_FRAUD_RISK
94596675,2,feature_89,-0.6942329458031038,0.8699463605880737,INCREASES_FRAUD_RISK
94596675,3,feature_54,-0.4675596299404542,0.8501684069633484,INCREASES_FRAUD_RISK
94596675,4,feature_131,-0.1887158089232799,0.6847015619277954,INCREASES_FRAUD_RISK
94596675,5,feature_2,1.018601901343969,0.4972166121006012,INCREASES_FRAUD_RISK
99175682,1,feature_52,-0.4881969878871058,1.1653683185577393,INCREASES_FRAUD_RISK
99175682,2,feature_162,-0.1405970785066562,0.7785677909851074,INCREASES_FRAUD_RISK
99175682,3,feature_2,1.5735945770991024,0.6914933919906616,INCREASES_FRAUD_RISK
99175682,4,feature_54,-0.4674684363778186,0.3707450330257416,INCREASES_FRAUD_RISK
99175682,5,feature_126,-0.1281400653508915,0.24650909006595612,INCREASES_FRAUD_RISK
105594270,1,feature_52,-0.4883590800097393,1.8658983707427979,INCREASES_FRAUD_RISK
105594270,2,feature_54,-0.4675759301860626,0.7479642033576965,INCREASES_FRAUD_RISK
105594270,3,feature_2,1.5735945770991024,0.6805769205093384,INCREASES_FRAUD_RISK
105594270,4,feature_137,2.046192034966445,0.6393998265266418,INCREASES_FRAUD_RISK
105594270,5,feature_162,-0.1405970785066562,0.6312587857246399,INCREASES_FRAUD_RISK
105596779,1,feature_52,-0.4883570820437973,1.5007988214492798,INCREASES_FRAUD_RISK
105596779,2,feature_162,-0.1405970785066562,0.8136533498764038,INCREASES_FRAUD_RISK
105596779,3,feature_2,1.018601901343969,0.6391815543174744,INCREASES_FRAUD_RISK
105596779,4,feature_22,-0.148912272073585,0.20351874828338623,INCREASES_FRAUD_RISK
105596779,5,feature_0,-0.1728608081990988,0.16124965250492096,INCREASES_FRAUD_RISK
105809538,1,feature_52,-0.487801276461117,1.6423434019088745,INCREASES_FRAUD_RISK
105809538,2,feature_89,-0.6942351992761703,1.5497616529464722,INCREASES_FRAUD_RISK
105809538,3,feature_131,-0.1887158089232799,0.8216631412506104,INCREASES_FRAUD_RISK
105809538,4,feature_75,2.3122477822466747,0.6946007609367371,INCREASES_FRAUD_RISK
105809538,5,feature_2,1.018601901343969,0.3318451941013336,INCREASES_FRAUD_RISK
105876162,1,feature_52,-0.4882037809713084,1.36544930934906,INCREASES_FRAUD_RISK
105876162,2,feature_79,-1.4717644946197317,0.5045583248138428,INCREASES_FRAUD_RISK
105876162,3,feature_2,1.018601901343969,0.48313143849372864,INCREASES_FRAUD_RISK
105876162,4,feature_51,-0.4138411734768881,0.35315290093421936,INCREASES_FRAUD_RISK
105876162,5,feature_54,-0.4673967592035276,0.31533315777778625,INCREASES_FRAUD_RISK
106001186,1,feature_89,-0.6942351992761703,1.2386184930801392,INCREASES_FRAUD_RISK
106001186,2,feature_126,-0.0920049018642507,0.7600517868995667,INCREASES_FRAUD_RISK
106001186,3,feature_131,-0.1887158089232799,0.7098144292831421,INCREASES_FRAUD_RISK
106001186,4,feature_2,2.128587252854236,0.46859362721443176,INCREASES_FRAUD_RISK
106001186,5,feature_54,-0.4673683876823135,0.35018691420555115,INCREASES_FRAUD_RISK
106311172,1,feature_52,-0.4882674875424861,1.5954700708389282,INCREASES_FRAUD_RISK
106311172,2,feature_162,-0.1405970785066562,0.7220315933227539,INCREASES_FRAUD_RISK
106311172,3,feature_54,-0.4674819897301856,0.37303024530410767,INCREASES_FRAUD_RISK
106311172,4,feature_126,-0.12797061163392,0.30560383200645447,INCREASES_FRAUD_RISK
106311172,5,feature_120,-0.1524643713004826,0.22834664583206177,INCREASES_FRAUD_RISK
106364914,1,feature_52,-0.4879966204454987,1.6657402515411377,INCREASES_FRAUD_RISK
106364914,2,feature_89,-0.6942351992761703,1.6594655513763428,INCREASES_FRAUD_RISK
106364914,3,feature_131,-0.1887158089232799,0.9184874892234802,INCREASES_FRAUD_RISK
106364914,4,feature_75,2.3122477822466747,0.7153224349021912,INCREASES_FRAUD_RISK
106364914,5,feature_54,-0.467157754794184,0.28880345821380615,INCREASES_FRAUD_RISK
106364923,1,feature_52,-0.4880254767821746,1.7209808826446533,INCREASES_FRAUD_RISK
106364923,2,feature_89,-0.6942351992761703,1.526567816734314,INCREASES_FRAUD_RISK
106364923,3,feature_131,-0.1887158089232799,0.7868276238441467,INCREASES_FRAUD_RISK
106364923,4,feature_75,2.3122477822466747,0.7060413956642151,INCREASES_FRAUD_RISK
106364923,5,feature_2,1.018601901343969,0.338882714509964,INCREASES_FRAUD_RISK
106851997,1,feature_52,-0.4883258852327323,0.8830363750457764,INCREASES_FRAUD_RISK
106851997,2,feature_162,-0.1405970785066562,0.6242082118988037,INCREASES_FRAUD_RISK
106851997,3,feature_2,1.018601901343969,0.5833413004875183,INCREASES_FRAUD_RISK
106851997,4,feature_57,-0.0391510179273499,0.3143405020236969,INCREASES_FRAUD_RISK
106851997,5,feature_54,-0.4675389335680001,0.29781678318977356,INCREASES_FRAUD_RISK
155812224,1,feature_52,-0.4877706219550933,1.152431607246399,INCREASES_FRAUD_RISK
155812224,2,feature_2,1.018601901343969,0.5183431506156921,INCREASES_FRAUD_RISK
155812224,3,feature_126,-0.1294956950866637,0.4327894151210785,INCREASES_FRAUD_RISK
155812224,4,feature_79,-1.4717644946197317,0.33345291018486023,INCREASES_FRAUD_RISK
155812224,5,feature_51,-0.4133203594712155,0.33134788274765015,INCREASES_FRAUD_RISK
156049909,1,feature_89,-0.6942351992761703,1.337174892425537,INCREASES_FRAUD_RISK
156049909,2,feature_131,-0.1887158089232799,0.7248022556304932,INCREASES_FRAUD_RISK
156049909,3,feature_75,-0.067095841999423,0.6876460909843445,INCREASES_FRAUD_RISK
156049909,4,feature_87,1.0508674615907088,0.3219807744026184,INCREASES_FRAUD_RISK
156049909,5,feature_58,-0.1724606192869639,0.30159521102905273,INCREASES_FRAUD_RISK
157579668,1,feature_52,-0.4883095019120083,1.4320937395095825,INCREASES_FRAUD_RISK
157579668,2,feature_2,1.018601901343969,0.799998939037323,INCREASES_FRAUD_RISK
157579668,3,feature_54,-0.4675187311423825,0.7063153982162476,INCREASES_FRAUD_RISK
157579668,4,feature_162,-0.1405970785066562,0.6672458052635193,INCREASES_FRAUD_RISK
157579668,5,feature_126,-0.1284789727848346,0.42286747694015503,INCREASES_FRAUD_RISK
190135471,1,feature_89,-0.6942351992761703,1.0319219827651978,INCREASES_FRAUD_RISK
190135471,2,feature_126,-0.0881238838912479,0.7900037169456482,INCREASES_FRAUD_RISK
190135471,3,feature_131,-0.1887158089232799,0.6196948289871216,INCREASES_FRAUD_RISK
190135471,4,feature_2,2.128587252854236,0.4543038308620453,INCREASES_FRAUD_RISK
190135471,5,feature_15,0.0261122915112802,0.3876275420188904,INCREASES_FRAUD_RISK
193968898,1,feature_52,-0.4883299097069868,0.9962841868400574,INCREASES_FRAUD_RISK
193968898,2,feature_2,1.018601901343969,0.6829915642738342,INCREASES_FRAUD_RISK
193968898,3,feature_54,-0.4675422759415945,0.32225102186203003,INCREASES_FRAUD_RISK
193968898,4,feature_58,-0.1728947820357194,0.21400059759616852,INCREASES_FRAUD_RISK
193968898,5,feature_129,-0.120324719844747,0.18631049990653992,INCREASES_FRAUD_RISK
195426637,1,feature_52,-0.4883379586554958,1.1602861881256104,INCREASES_FRAUD_RISK
195426637,2,feature_162,-0.1405970785066562,0.7886449694633484,INCREASES_FRAUD_RISK
195426637,3,feature_54,-0.4675515621421228,0.6074027419090271,INCREASES_FRAUD_RISK
195426637,4,feature_2,1.018601901343969,0.5980309844017029,INCREASES_FRAUD_RISK
195426637,5,feature_15,-0.0564861731214299,0.25647082924842834,INCREASES_FRAUD_RISK
195426930,1,feature_52,-0.4883359606895538,0.9796687364578247,INCREASES_FRAUD_RISK
195426930,2,feature_162,-0.1405970785066562,0.7509803771972656,INCREASES_FRAUD_RISK
195426930,3,feature_2,1.018601901343969,0.673136830329895,INCREASES_FRAUD_RISK
195426930,4,feature_54,-0.4675492570568853,0.4052855968475342,INCREASES_FRAUD_RISK
195426930,5,feature_57,-0.039151026713925,0.3935450315475464,INCREASES_FRAUD_RISK
196269119,1,feature_52,-0.4882249308679225,1.5752614736557007,INCREASES_FRAUD_RISK
196269119,2,feature_89,-0.6942351992761703,1.3984346389770508,INCREASES_FRAUD_RISK
196269119,3,feature_131,-0.1887158089232799,0.701304018497467,INCREASES_FRAUD_RISK
196269119,4,feature_2,1.018601901343969,0.4970398545265198,INCREASES_FRAUD_RISK
196269119,5,feature_54,-0.4674211601772564,0.4077226221561432,INCREASES_FRAUD_RISK
219544003,1,feature_89,-0.6942351992761703,1.0098587274551392,INCREASES_FRAUD_RISK
219544003,2,feature_52,-0.4856205537202181,0.7964511513710022,INCREASES_FRAUD_RISK
219544003,3,feature_131,-0.1887158089232799,0.697537362575531,INCREASES_FRAUD_RISK
219544003,4,feature_75,-0.0918176532065505,0.691378116607666,INCREASES_FRAUD_RISK
219544003,5,feature_160,-0.106714613806669,0.4812380075454712,INCREASES_FRAUD_RISK
